voyage_id,raw_text,event_type,start_time,end_time
V001,03/04/2025 10:00 – Anchored at port limits,ARRIVAL,2025-04-03T10:00:00,
V001,03/04/2025 14:00 – Pilot embarked vessel,PILOT_ONBOARD,2025-04-03T14:00:00,
V001,03/04/2025 20:00 – All fast at berth 1,BERTHING,2025-04-03T20:00:00,
V001,04/04/2025 03:00 – Began loading at jetty 1,LOADING_START,2025-04-04T03:00:00,
V001,04/04/2025 05:00 – Loading operations ended,LOADING_END,,2025-04-04T05:00:00
V001,04/04/2025 09:00 – Ship moved from jetty 1 to 1,SHIFTING,2025-04-04T09:00:00,
V001,04/04/2025 15:00 – Started discharging operations,DISCHARGING_START,2025-04-04T15:00:00,
V001,04/04/2025 17:00 – Completed discharging cargo,DISCHARGING_END,,2025-04-04T17:00:00
V001,05/04/2025 01:00 – Sailed from anchorage,DEPARTURE,2025-04-05T01:00:00,
V002,05/04/2025 09:00 – Ship reached port anchorage,ARRIVAL,2025-04-05T09:00:00,
V002,05/04/2025 10:00 – Pilot on board,PILOT_ONBOARD,2025-04-05T10:00:00,
V002,05/04/2025 14:00 – Ship alongside berth 4,BERTHING,2025-04-05T14:00:00,
V002,05/04/2025 19:00 – Started cargo operations,LOADING_START,2025-04-05T19:00:00,
V002,05/04/2025 23:00 – Cargo loading completed,LOADING_END,,2025-04-05T23:00:00
V002,06/04/2025 02:00 – Ship moved from jetty 4 to 4,SHIFTING,2025-04-06T02:00:00,
V002,06/04/2025 05:00 – Commenced discharging cargo,DISCHARGING_START,2025-04-06T05:00:00,
V002,06/04/2025 08:00 – Finished discharging,DISCHARGING_END,,2025-04-06T08:00:00
V002,06/04/2025 16:00 – Sailed from anchorage,DEPARTURE,2025-04-06T16:00:00,
V003,06/04/2025 14:00 – Vessel arrived at anchorage,ARRIVAL,2025-04-06T14:00:00,
V003,06/04/2025 22:00 – Pilot joined ship,PILOT_ONBOARD,2025-04-06T22:00:00,
V003,06/04/2025 23:00 – All fast at berth 4,BERTHING,2025-04-06T23:00:00,
V003,07/04/2025 06:00 – Started cargo operations,LOADING_START,2025-04-07T06:00:00,
V003,07/04/2025 08:00 – Finished cargo operations,LOADING_END,,2025-04-07T08:00:00
V003,07/04/2025 14:00 – Shifted alongside berth {jetty2},SHIFTING,2025-04-07T14:00:00,
V003,07/04/2025 21:00 – Discharge ops commenced,DISCHARGING_START,2025-04-07T21:00:00,
V003,08/04/2025 02:00 – Discharge ops ended,DISCHARGING_END,,2025-04-08T02:00:00
V003,08/04/2025 06:00 – Sailed from anchorage,DEPARTURE,2025-04-08T06:00:00,
V004,09/04/2025 10:00 – Arrived at outer anchorage,ARRIVAL,2025-04-09T10:00:00,
V004,09/04/2025 14:00 – Pilot embarked vessel,PILOT_ONBOARD,2025-04-09T14:00:00,
V004,09/04/2025 15:00 – All fast at berth 1,BERTHING,2025-04-09T15:00:00,
V004,09/04/2025 22:00 – Loading operations began,LOADING_START,2025-04-09T22:00:00,
V004,10/04/2025 02:00 – Loading operations ended,LOADING_END,,2025-04-10T02:00:00
V004,10/04/2025 08:00 – Ship moved from jetty 1 to 5,SHIFTING,2025-04-10T08:00:00,
V004,10/04/2025 11:00 – Discharge ops commenced,DISCHARGING_START,2025-04-10T11:00:00,
V004,10/04/2025 15:00 – Discharging operations completed,DISCHARGING_END,,2025-04-10T15:00:00
V004,10/04/2025 21:00 – Ship sailed from berth,DEPARTURE,2025-04-10T21:00:00,
V005,11/04/2025 11:00 – Ship reached port anchorage,ARRIVAL,2025-04-11T11:00:00,
V005,11/04/2025 13:00 – Pilot on board,PILOT_ONBOARD,2025-04-11T13:00:00,
V005,11/04/2025 15:00 – All fast at berth 5,BERTHING,2025-04-11T15:00:00,
V005,11/04/2025 16:00 – Loading operations began,LOADING_START,2025-04-11T16:00:00,
V005,11/04/2025 22:00 – Cargo loading completed,LOADING_END,,2025-04-11T22:00:00
V005,12/04/2025 06:00 – Ship moved from jetty 5 to 4,SHIFTING,2025-04-12T06:00:00,
V005,12/04/2025 09:00 – Started discharging operations,DISCHARGING_START,2025-04-12T09:00:00,
V005,12/04/2025 14:00 – Completed discharging cargo,DISCHARGING_END,,2025-04-12T14:00:00
V005,12/04/2025 19:00 – Ship sailed from berth,DEPARTURE,2025-04-12T19:00:00,
V006,12/04/2025 12:00 – Arrived at outer anchorage,ARRIVAL,2025-04-12T12:00:00,
V006,12/04/2025 15:00 – Pilot boarded at anchorage,PILOT_ONBOARD,2025-04-12T15:00:00,
V006,12/04/2025 20:00 – Secured alongside jetty 1,BERTHING,2025-04-12T20:00:00,
V006,13/04/2025 04:00 – Commenced loading cargo,LOADING_START,2025-04-13T04:00:00,
V006,13/04/2025 05:00 – Loading operations ended,LOADING_END,,2025-04-13T05:00:00
V006,13/04/2025 08:00 – Ship moved from jetty 1 to 4,SHIFTING,2025-04-13T08:00:00,
V006,13/04/2025 11:00 – Discharging began at berth 1,DISCHARGING_START,2025-04-13T11:00:00,
V006,13/04/2025 15:00 – Discharge ops ended,DISCHARGING_END,,2025-04-13T15:00:00
V006,13/04/2025 21:00 – Vessel left port limits,DEPARTURE,2025-04-13T21:00:00,
V007,14/04/2025 09:00 – Anchored at port limits,ARRIVAL,2025-04-14T09:00:00,
V007,14/04/2025 17:00 – Pilot on board,PILOT_ONBOARD,2025-04-14T17:00:00,
V007,15/04/2025 00:00 – All fast at berth 2,BERTHING,2025-04-15T00:00:00,
V007,15/04/2025 03:00 – Started cargo operations,LOADING_START,2025-04-15T03:00:00,
V007,15/04/2025 09:00 – Completed loading cargo,LOADING_END,,2025-04-15T09:00:00
V007,15/04/2025 11:00 – Shifted alongside berth {jetty2},SHIFTING,2025-04-15T11:00:00,
V007,15/04/2025 17:00 – Commenced discharging cargo,DISCHARGING_START,2025-04-15T17:00:00,
V007,16/04/2025 01:00 – Completed discharging cargo,DISCHARGING_END,,2025-04-16T01:00:00
V007,16/04/2025 05:00 – Ship sailed from berth,DEPARTURE,2025-04-16T05:00:00,
V008,15/04/2025 13:00 – Vessel arrived at anchorage,ARRIVAL,2025-04-15T13:00:00,
V008,15/04/2025 15:00 – Pilot boarded at anchorage,PILOT_ONBOARD,2025-04-15T15:00:00,
V008,15/04/2025 23:00 – Ship alongside berth 1,BERTHING,2025-04-15T23:00:00,
V008,16/04/2025 01:00 – Loading operations began,LOADING_START,2025-04-16T01:00:00,
V008,16/04/2025 03:00 – Finished cargo operations,LOADING_END,,2025-04-16T03:00:00
V008,16/04/2025 05:00 – Shifted alongside berth {jetty2},SHIFTING,2025-04-16T05:00:00,
V008,16/04/2025 11:00 – Discharging began at berth 1,DISCHARGING_START,2025-04-16T11:00:00,
V008,16/04/2025 13:00 – Discharging operations completed,DISCHARGING_END,,2025-04-16T13:00:00
V008,16/04/2025 17:00 – Vessel departed from port,DEPARTURE,2025-04-16T17:00:00,
V009,18/04/2025 11:00 – Anchored at port limits,ARRIVAL,2025-04-18T11:00:00,
V009,18/04/2025 18:00 – Pilot on board,PILOT_ONBOARD,2025-04-18T18:00:00,
V009,18/04/2025 23:00 – All fast at berth 4,BERTHING,2025-04-18T23:00:00,
V009,19/04/2025 03:00 – Started cargo operations,LOADING_START,2025-04-19T03:00:00,
V009,19/04/2025 09:00 – Cargo loading completed,LOADING_END,,2025-04-19T09:00:00
V009,19/04/2025 15:00 – Shifted alongside berth {jetty2},SHIFTING,2025-04-19T15:00:00,
V009,19/04/2025 17:00 – Discharging began at berth 4,DISCHARGING_START,2025-04-19T17:00:00,
V009,19/04/2025 20:00 – Discharging operations completed,DISCHARGING_END,,2025-04-19T20:00:00
V009,20/04/2025 03:00 – Vessel left port limits,DEPARTURE,2025-04-20T03:00:00,
V010,20/04/2025 07:00 – Arrived at outer anchorage,ARRIVAL,2025-04-20T07:00:00,
V010,20/04/2025 11:00 – Pilot embarked vessel,PILOT_ONBOARD,2025-04-20T11:00:00,
V010,20/04/2025 18:00 – All fast at berth 3,BERTHING,2025-04-20T18:00:00,
V010,20/04/2025 19:00 – Started cargo operations,LOADING_START,2025-04-20T19:00:00,
V010,21/04/2025 00:00 – Loading operations ended,LOADING_END,,2025-04-21T00:00:00
V010,21/04/2025 05:00 – Shifted alongside berth {jetty2},SHIFTING,2025-04-21T05:00:00,
V010,21/04/2025 06:00 – Discharging began at berth 3,DISCHARGING_START,2025-04-21T06:00:00,
V010,21/04/2025 07:00 – Finished discharging,DISCHARGING_END,,2025-04-21T07:00:00
V010,21/04/2025 13:00 – Vessel departed from port,DEPARTURE,2025-04-21T13:00:00,
V011,21/04/2025 09:00 – Arrived at outer anchorage,ARRIVAL,2025-04-21T09:00:00,
V011,21/04/2025 14:00 – Pilot on board,PILOT_ONBOARD,2025-04-21T14:00:00,
V011,21/04/2025 20:00 – Vessel berthed at Jetty 1,BERTHING,2025-04-21T20:00:00,
V011,22/04/2025 00:00 – Began loading at jetty 1,LOADING_START,2025-04-22T00:00:00,
V011,22/04/2025 02:00 – Finished cargo operations,LOADING_END,,2025-04-22T02:00:00
V011,22/04/2025 06:00 – Ship moved from jetty 1 to 4,SHIFTING,2025-04-22T06:00:00,
V011,22/04/2025 12:00 – Discharge ops commenced,DISCHARGING_START,2025-04-22T12:00:00,
V011,22/04/2025 17:00 – Discharge ops ended,DISCHARGING_END,,2025-04-22T17:00:00
V011,22/04/2025 19:00 – Ship sailed from berth,DEPARTURE,2025-04-22T19:00:00,
V012,24/04/2025 12:00 – Ship reached port anchorage,ARRIVAL,2025-04-24T12:00:00,
V012,24/04/2025 19:00 – Pilot embarked vessel,PILOT_ONBOARD,2025-04-24T19:00:00,
V012,25/04/2025 02:00 – Ship alongside berth 4,BERTHING,2025-04-25T02:00:00,
V012,25/04/2025 08:00 – Loading operations began,LOADING_START,2025-04-25T08:00:00,
V012,25/04/2025 12:00 – Completed loading cargo,LOADING_END,,2025-04-25T12:00:00
V012,25/04/2025 15:00 – Vessel shifted to another berth,SHIFTING,2025-04-25T15:00:00,
V012,25/04/2025 19:00 – Discharging began at berth 4,DISCHARGING_START,2025-04-25T19:00:00,
V012,26/04/2025 01:00 – Discharge ops ended,DISCHARGING_END,,2025-04-26T01:00:00
V012,26/04/2025 04:00 – Vessel left port limits,DEPARTURE,2025-04-26T04:00:00,
V013,26/04/2025 07:00 – Arrived at outer anchorage,ARRIVAL,2025-04-26T07:00:00,
V013,26/04/2025 12:00 – Pilot embarked vessel,PILOT_ONBOARD,2025-04-26T12:00:00,
V013,26/04/2025 20:00 – Secured alongside jetty 4,BERTHING,2025-04-26T20:00:00,
V013,27/04/2025 03:00 – Began loading at jetty 4,LOADING_START,2025-04-27T03:00:00,
V013,27/04/2025 04:00 – Loading operations ended,LOADING_END,,2025-04-27T04:00:00
V013,27/04/2025 06:00 – Vessel shifted to another berth,SHIFTING,2025-04-27T06:00:00,
V013,27/04/2025 11:00 – Started discharging operations,DISCHARGING_START,2025-04-27T11:00:00,
V013,27/04/2025 19:00 – Completed discharging cargo,DISCHARGING_END,,2025-04-27T19:00:00
V013,27/04/2025 22:00 – Vessel departed from port,DEPARTURE,2025-04-27T22:00:00,
V014,29/04/2025 11:00 – Vessel arrived at anchorage,ARRIVAL,2025-04-29T11:00:00,
V014,29/04/2025 18:00 – Pilot on board,PILOT_ONBOARD,2025-04-29T18:00:00,
V014,29/04/2025 20:00 – All fast at berth 5,BERTHING,2025-04-29T20:00:00,
V014,29/04/2025 23:00 – Loading operations began,LOADING_START,2025-04-29T23:00:00,
V014,30/04/2025 05:00 – Finished cargo operations,LOADING_END,,2025-04-30T05:00:00
V014,30/04/2025 12:00 – Ship moved from jetty 5 to 4,SHIFTING,2025-04-30T12:00:00,
V014,30/04/2025 15:00 – Discharge ops commenced,DISCHARGING_START,2025-04-30T15:00:00,
V014,30/04/2025 16:00 – Finished discharging,DISCHARGING_END,,2025-04-30T16:00:00
V014,30/04/2025 22:00 – Sailed from anchorage,DEPARTURE,2025-04-30T22:00:00,
V015,02/05/2025 11:00 – Arrived at outer anchorage,ARRIVAL,2025-05-02T11:00:00,
V015,02/05/2025 18:00 – Pilot on board,PILOT_ONBOARD,2025-05-02T18:00:00,
V015,03/05/2025 00:00 – Secured alongside jetty 5,BERTHING,2025-05-03T00:00:00,
V015,03/05/2025 03:00 – Started cargo operations,LOADING_START,2025-05-03T03:00:00,
V015,03/05/2025 09:00 – Finished cargo operations,LOADING_END,,2025-05-03T09:00:00
V015,03/05/2025 11:00 – Vessel shifted to another berth,SHIFTING,2025-05-03T11:00:00,
V015,03/05/2025 16:00 – Discharging began at berth 5,DISCHARGING_START,2025-05-03T16:00:00,
V015,03/05/2025 22:00 – Discharge ops ended,DISCHARGING_END,,2025-05-03T22:00:00
V015,04/05/2025 00:00 – Sailed from anchorage,DEPARTURE,2025-05-04T00:00:00,
V016,03/05/2025 07:00 – Anchored at port limits,ARRIVAL,2025-05-03T07:00:00,
V016,03/05/2025 15:00 – Pilot boarded at anchorage,PILOT_ONBOARD,2025-05-03T15:00:00,
V016,03/05/2025 16:00 – Ship alongside berth 3,BERTHING,2025-05-03T16:00:00,
V016,03/05/2025 18:00 – Commenced loading cargo,LOADING_START,2025-05-03T18:00:00,
V016,03/05/2025 23:00 – Completed loading cargo,LOADING_END,,2025-05-03T23:00:00
V016,04/05/2025 01:00 – Ship moved from jetty 3 to 2,SHIFTING,2025-05-04T01:00:00,
V016,04/05/2025 06:00 – Started discharging operations,DISCHARGING_START,2025-05-04T06:00:00,
V016,04/05/2025 12:00 – Discharging operations completed,DISCHARGING_END,,2025-05-04T12:00:00
V016,04/05/2025 15:00 – Vessel left port limits,DEPARTURE,2025-05-04T15:00:00,
V017,04/05/2025 12:00 – Vessel arrived at anchorage,ARRIVAL,2025-05-04T12:00:00,
V017,04/05/2025 18:00 – Pilot boarded at anchorage,PILOT_ONBOARD,2025-05-04T18:00:00,
V017,04/05/2025 19:00 – Secured alongside jetty 3,BERTHING,2025-05-04T19:00:00,
V017,05/05/2025 01:00 – Started cargo operations,LOADING_START,2025-05-05T01:00:00,
V017,05/05/2025 06:00 – Completed loading cargo,LOADING_END,,2025-05-05T06:00:00
V017,05/05/2025 14:00 – Shifting from berth 3 to berth 5,SHIFTING,2025-05-05T14:00:00,
V017,05/05/2025 20:00 – Discharging began at berth 3,DISCHARGING_START,2025-05-05T20:00:00,
V017,06/05/2025 01:00 – Discharge ops ended,DISCHARGING_END,,2025-05-06T01:00:00
V017,06/05/2025 09:00 – Vessel left port limits,DEPARTURE,2025-05-06T09:00:00,
V018,06/05/2025 14:00 – Arrived at outer anchorage,ARRIVAL,2025-05-06T14:00:00,
V018,06/05/2025 18:00 – Pilot boarded at anchorage,PILOT_ONBOARD,2025-05-06T18:00:00,
V018,07/05/2025 00:00 – Vessel berthed at Jetty 4,BERTHING,2025-05-07T00:00:00,
V018,07/05/2025 07:00 – Began loading at jetty 4,LOADING_START,2025-05-07T07:00:00,
V018,07/05/2025 13:00 – Finished cargo operations,LOADING_END,,2025-05-07T13:00:00
V018,07/05/2025 18:00 – Vessel shifted to another berth,SHIFTING,2025-05-07T18:00:00,
V018,07/05/2025 22:00 – Started discharging operations,DISCHARGING_START,2025-05-07T22:00:00,
V018,08/05/2025 01:00 – Finished discharging,DISCHARGING_END,,2025-05-08T01:00:00
V018,08/05/2025 07:00 – Vessel departed from port,DEPARTURE,2025-05-08T07:00:00,
V019,09/05/2025 08:00 – Arrived at outer anchorage,ARRIVAL,2025-05-09T08:00:00,
V019,09/05/2025 15:00 – Pilot boarded at anchorage,PILOT_ONBOARD,2025-05-09T15:00:00,
V019,09/05/2025 21:00 – Vessel berthed at Jetty 5,BERTHING,2025-05-09T21:00:00,
V019,09/05/2025 23:00 – Commenced loading cargo,LOADING_START,2025-05-09T23:00:00,
V019,10/05/2025 02:00 – Loading operations ended,LOADING_END,,2025-05-10T02:00:00
V019,10/05/2025 03:00 – Vessel shifted to another berth,SHIFTING,2025-05-10T03:00:00,
V019,10/05/2025 08:00 – Started discharging operations,DISCHARGING_START,2025-05-10T08:00:00,
V019,10/05/2025 13:00 – Discharge ops ended,DISCHARGING_END,,2025-05-10T13:00:00
V019,10/05/2025 17:00 – Vessel left port limits,DEPARTURE,2025-05-10T17:00:00,
V020,11/05/2025 13:00 – Ship reached port anchorage,ARRIVAL,2025-05-11T13:00:00,
V020,11/05/2025 20:00 – Pilot boarded at anchorage,PILOT_ONBOARD,2025-05-11T20:00:00,
V020,12/05/2025 03:00 – Vessel berthed at Jetty 1,BERTHING,2025-05-12T03:00:00,
V020,12/05/2025 10:00 – Loading operations began,LOADING_START,2025-05-12T10:00:00,
V020,12/05/2025 12:00 – Loading operations ended,LOADING_END,,2025-05-12T12:00:00
V020,12/05/2025 20:00 – Vessel shifted to another berth,SHIFTING,2025-05-12T20:00:00,
V020,12/05/2025 23:00 – Started discharging operations,DISCHARGING_START,2025-05-12T23:00:00,
V020,13/05/2025 05:00 – Discharge ops ended,DISCHARGING_END,,2025-05-13T05:00:00
V020,13/05/2025 07:00 – Vessel left port limits,DEPARTURE,2025-05-13T07:00:00,
V021,12/05/2025 12:00 – Arrived at outer anchorage,ARRIVAL,2025-05-12T12:00:00,
V021,12/05/2025 19:00 – Pilot on board,PILOT_ONBOARD,2025-05-12T19:00:00,
V021,13/05/2025 03:00 – Ship alongside berth 1,BERTHING,2025-05-13T03:00:00,
V021,13/05/2025 04:00 – Started cargo operations,LOADING_START,2025-05-13T04:00:00,
V021,13/05/2025 09:00 – Completed loading cargo,LOADING_END,,2025-05-13T09:00:00
V021,13/05/2025 12:00 – Ship moved from jetty 1 to 4,SHIFTING,2025-05-13T12:00:00,
V021,13/05/2025 15:00 – Discharge ops commenced,DISCHARGING_START,2025-05-13T15:00:00,
V021,13/05/2025 19:00 – Discharge ops ended,DISCHARGING_END,,2025-05-13T19:00:00
V021,14/05/2025 02:00 – Ship sailed from berth,DEPARTURE,2025-05-14T02:00:00,
V022,14/05/2025 07:00 – Arrived at outer anchorage,ARRIVAL,2025-05-14T07:00:00,
V022,14/05/2025 12:00 – Pilot on board,PILOT_ONBOARD,2025-05-14T12:00:00,
V022,14/05/2025 16:00 – Ship alongside berth 2,BERTHING,2025-05-14T16:00:00,
V022,14/05/2025 22:00 – Commenced loading cargo,LOADING_START,2025-05-14T22:00:00,
V022,15/05/2025 03:00 – Loading operations ended,LOADING_END,,2025-05-15T03:00:00
V022,15/05/2025 11:00 – Shifting from berth 2 to berth 3,SHIFTING,2025-05-15T11:00:00,
V022,15/05/2025 19:00 – Discharging began at berth 2,DISCHARGING_START,2025-05-15T19:00:00,
V022,15/05/2025 20:00 – Finished discharging,DISCHARGING_END,,2025-05-15T20:00:00
V022,16/05/2025 00:00 – Ship sailed from berth,DEPARTURE,2025-05-16T00:00:00,
V023,15/05/2025 13:00 – Vessel arrived at anchorage,ARRIVAL,2025-05-15T13:00:00,
V023,15/05/2025 14:00 – Pilot on board,PILOT_ONBOARD,2025-05-15T14:00:00,
V023,15/05/2025 15:00 – Secured alongside jetty 5,BERTHING,2025-05-15T15:00:00,
V023,15/05/2025 17:00 – Began loading at jetty 5,LOADING_START,2025-05-15T17:00:00,
V023,15/05/2025 23:00 – Loading operations ended,LOADING_END,,2025-05-15T23:00:00
V023,16/05/2025 04:00 – Shifting from berth 5 to berth 1,SHIFTING,2025-05-16T04:00:00,
V023,16/05/2025 09:00 – Commenced discharging cargo,DISCHARGING_START,2025-05-16T09:00:00,
V023,16/05/2025 15:00 – Finished discharging,DISCHARGING_END,,2025-05-16T15:00:00
V023,16/05/2025 22:00 – Sailed from anchorage,DEPARTURE,2025-05-16T22:00:00,
V024,16/05/2025 11:00 – Ship reached port anchorage,ARRIVAL,2025-05-16T11:00:00,
V024,16/05/2025 14:00 – Pilot embarked vessel,PILOT_ONBOARD,2025-05-16T14:00:00,
V024,16/05/2025 17:00 – All fast at berth 3,BERTHING,2025-05-16T17:00:00,
V024,16/05/2025 21:00 – Started cargo operations,LOADING_START,2025-05-16T21:00:00,
V024,17/05/2025 02:00 – Completed loading cargo,LOADING_END,,2025-05-17T02:00:00
V024,17/05/2025 05:00 – Ship moved from jetty 3 to 1,SHIFTING,2025-05-17T05:00:00,
V024,17/05/2025 11:00 – Started discharging operations,DISCHARGING_START,2025-05-17T11:00:00,
V024,17/05/2025 13:00 – Discharge ops ended,DISCHARGING_END,,2025-05-17T13:00:00
V024,17/05/2025 19:00 – Sailed from anchorage,DEPARTURE,2025-05-17T19:00:00,
V025,17/05/2025 14:00 – Ship reached port anchorage,ARRIVAL,2025-05-17T14:00:00,
V025,17/05/2025 22:00 – Pilot on board,PILOT_ONBOARD,2025-05-17T22:00:00,
V025,18/05/2025 01:00 – Secured alongside jetty 4,BERTHING,2025-05-18T01:00:00,
V025,18/05/2025 09:00 – Began loading at jetty 4,LOADING_START,2025-05-18T09:00:00,
V025,18/05/2025 10:00 – Finished cargo operations,LOADING_END,,2025-05-18T10:00:00
V025,18/05/2025 18:00 – Vessel shifted to another berth,SHIFTING,2025-05-18T18:00:00,
V025,18/05/2025 21:00 – Discharging began at berth 4,DISCHARGING_START,2025-05-18T21:00:00,
V025,19/05/2025 03:00 – Finished discharging,DISCHARGING_END,,2025-05-19T03:00:00
V025,19/05/2025 06:00 – Vessel departed from port,DEPARTURE,2025-05-19T06:00:00,
V026,20/05/2025 07:00 – Ship reached port anchorage,ARRIVAL,2025-05-20T07:00:00,
V026,20/05/2025 08:00 – Pilot joined ship,PILOT_ONBOARD,2025-05-20T08:00:00,
V026,20/05/2025 09:00 – Vessel berthed at Jetty 1,BERTHING,2025-05-20T09:00:00,
V026,20/05/2025 17:00 – Began loading at jetty 1,LOADING_START,2025-05-20T17:00:00,
V026,20/05/2025 20:00 – Cargo loading completed,LOADING_END,,2025-05-20T20:00:00
V026,21/05/2025 00:00 – Shifting from berth 1 to berth 2,SHIFTING,2025-05-21T00:00:00,
V026,21/05/2025 07:00 – Started discharging operations,DISCHARGING_START,2025-05-21T07:00:00,
V026,21/05/2025 12:00 – Completed discharging cargo,DISCHARGING_END,,2025-05-21T12:00:00
V026,21/05/2025 16:00 – Ship sailed from berth,DEPARTURE,2025-05-21T16:00:00,
V027,21/05/2025 07:00 – Anchored at port limits,ARRIVAL,2025-05-21T07:00:00,
V027,21/05/2025 13:00 – Pilot on board,PILOT_ONBOARD,2025-05-21T13:00:00,
V027,21/05/2025 21:00 – Vessel berthed at Jetty 2,BERTHING,2025-05-21T21:00:00,
V027,22/05/2025 04:00 – Began loading at jetty 2,LOADING_START,2025-05-22T04:00:00,
V027,22/05/2025 07:00 – Completed loading cargo,LOADING_END,,2025-05-22T07:00:00
V027,22/05/2025 14:00 – Vessel shifted to another berth,SHIFTING,2025-05-22T14:00:00,
V027,22/05/2025 21:00 – Commenced discharging cargo,DISCHARGING_START,2025-05-22T21:00:00,
V027,23/05/2025 01:00 – Discharge ops ended,DISCHARGING_END,,2025-05-23T01:00:00
V027,23/05/2025 05:00 – Ship sailed from berth,DEPARTURE,2025-05-23T05:00:00,
V028,23/05/2025 12:00 – Ship reached port anchorage,ARRIVAL,2025-05-23T12:00:00,
V028,23/05/2025 13:00 – Pilot embarked vessel,PILOT_ONBOARD,2025-05-23T13:00:00,
V028,23/05/2025 19:00 – Secured alongside jetty 3,BERTHING,2025-05-23T19:00:00,
V028,24/05/2025 01:00 – Loading operations began,LOADING_START,2025-05-24T01:00:00,
V028,24/05/2025 03:00 – Completed loading cargo,LOADING_END,,2025-05-24T03:00:00
V028,24/05/2025 07:00 – Shifting from berth 3 to berth 5,SHIFTING,2025-05-24T07:00:00,
V028,24/05/2025 08:00 – Discharging began at berth 3,DISCHARGING_START,2025-05-24T08:00:00,
V028,24/05/2025 13:00 – Discharge ops ended,DISCHARGING_END,,2025-05-24T13:00:00
V028,24/05/2025 18:00 – Sailed from anchorage,DEPARTURE,2025-05-24T18:00:00,
V029,25/05/2025 08:00 – Anchored at port limits,ARRIVAL,2025-05-25T08:00:00,
V029,25/05/2025 10:00 – Pilot on board,PILOT_ONBOARD,2025-05-25T10:00:00,
V029,25/05/2025 15:00 – Ship alongside berth 5,BERTHING,2025-05-25T15:00:00,
V029,25/05/2025 19:00 – Loading operations began,LOADING_START,2025-05-25T19:00:00,
V029,25/05/2025 22:00 – Loading operations ended,LOADING_END,,2025-05-25T22:00:00
V029,26/05/2025 06:00 – Shifted alongside berth {jetty2},SHIFTING,2025-05-26T06:00:00,
V029,26/05/2025 07:00 – Discharging began at berth 5,DISCHARGING_START,2025-05-26T07:00:00,
V029,26/05/2025 13:00 – Discharge ops ended,DISCHARGING_END,,2025-05-26T13:00:00
V029,26/05/2025 18:00 – Sailed from anchorage,DEPARTURE,2025-05-26T18:00:00,
V030,27/05/2025 10:00 – Anchored at port limits,ARRIVAL,2025-05-27T10:00:00,
V030,27/05/2025 16:00 – Pilot on board,PILOT_ONBOARD,2025-05-27T16:00:00,
V030,27/05/2025 19:00 – Ship alongside berth 4,BERTHING,2025-05-27T19:00:00,
V030,27/05/2025 21:00 – Commenced loading cargo,LOADING_START,2025-05-27T21:00:00,
V030,27/05/2025 22:00 – Cargo loading completed,LOADING_END,,2025-05-27T22:00:00
V030,28/05/2025 05:00 – Shifting from berth 4 to berth 1,SHIFTING,2025-05-28T05:00:00,
V030,28/05/2025 13:00 – Commenced discharging cargo,DISCHARGING_START,2025-05-28T13:00:00,
V030,28/05/2025 19:00 – Completed discharging cargo,DISCHARGING_END,,2025-05-28T19:00:00
V030,29/05/2025 03:00 – Ship sailed from berth,DEPARTURE,2025-05-29T03:00:00,
V031,28/05/2025 14:00 – Arrived at outer anchorage,ARRIVAL,2025-05-28T14:00:00,
V031,28/05/2025 20:00 – Pilot embarked vessel,PILOT_ONBOARD,2025-05-28T20:00:00,
V031,28/05/2025 23:00 – Vessel berthed at Jetty 2,BERTHING,2025-05-28T23:00:00,
V031,29/05/2025 01:00 – Commenced loading cargo,LOADING_START,2025-05-29T01:00:00,
V031,29/05/2025 04:00 – Completed loading cargo,LOADING_END,,2025-05-29T04:00:00
V031,29/05/2025 12:00 – Vessel shifted to another berth,SHIFTING,2025-05-29T12:00:00,
V031,29/05/2025 19:00 – Started discharging operations,DISCHARGING_START,2025-05-29T19:00:00,
V031,29/05/2025 23:00 – Completed discharging cargo,DISCHARGING_END,,2025-05-29T23:00:00
V031,30/05/2025 05:00 – Vessel departed from port,DEPARTURE,2025-05-30T05:00:00,
V032,29/05/2025 08:00 – Ship reached port anchorage,ARRIVAL,2025-05-29T08:00:00,
V032,29/05/2025 10:00 – Pilot boarded at anchorage,PILOT_ONBOARD,2025-05-29T10:00:00,
V032,29/05/2025 15:00 – Secured alongside jetty 5,BERTHING,2025-05-29T15:00:00,
V032,29/05/2025 16:00 – Started cargo operations,LOADING_START,2025-05-29T16:00:00,
V032,29/05/2025 19:00 – Completed loading cargo,LOADING_END,,2025-05-29T19:00:00
V032,29/05/2025 23:00 – Ship moved from jetty 5 to 2,SHIFTING,2025-05-29T23:00:00,
V032,30/05/2025 01:00 – Started discharging operations,DISCHARGING_START,2025-05-30T01:00:00,
V032,30/05/2025 02:00 – Discharge ops ended,DISCHARGING_END,,2025-05-30T02:00:00
V032,30/05/2025 07:00 – Ship sailed from berth,DEPARTURE,2025-05-30T07:00:00,
V033,31/05/2025 09:00 – Ship reached port anchorage,ARRIVAL,2025-05-31T09:00:00,
V033,31/05/2025 15:00 – Pilot on board,PILOT_ONBOARD,2025-05-31T15:00:00,
V033,31/05/2025 20:00 – Vessel berthed at Jetty 3,BERTHING,2025-05-31T20:00:00,
V033,31/05/2025 22:00 – Began loading at jetty 3,LOADING_START,2025-05-31T22:00:00,
V033,01/06/2025 03:00 – Loading operations ended,LOADING_END,,2025-06-01T03:00:00
V033,01/06/2025 05:00 – Vessel shifted to another berth,SHIFTING,2025-06-01T05:00:00,
V033,01/06/2025 11:00 – Started discharging operations,DISCHARGING_START,2025-06-01T11:00:00,
V033,01/06/2025 14:00 – Discharging operations completed,DISCHARGING_END,,2025-06-01T14:00:00
V033,01/06/2025 19:00 – Ship sailed from berth,DEPARTURE,2025-06-01T19:00:00,
V034,03/06/2025 13:00 – Ship reached port anchorage,ARRIVAL,2025-06-03T13:00:00,
V034,03/06/2025 21:00 – Pilot boarded at anchorage,PILOT_ONBOARD,2025-06-03T21:00:00,
V034,04/06/2025 05:00 – All fast at berth 2,BERTHING,2025-06-04T05:00:00,
V034,04/06/2025 08:00 – Started cargo operations,LOADING_START,2025-06-04T08:00:00,
V034,04/06/2025 09:00 – Completed loading cargo,LOADING_END,,2025-06-04T09:00:00
V034,04/06/2025 10:00 – Ship moved from jetty 2 to 4,SHIFTING,2025-06-04T10:00:00,
V034,04/06/2025 11:00 – Commenced discharging cargo,DISCHARGING_START,2025-06-04T11:00:00,
V034,04/06/2025 12:00 – Discharge ops ended,DISCHARGING_END,,2025-06-04T12:00:00
V034,04/06/2025 17:00 – Sailed from anchorage,DEPARTURE,2025-06-04T17:00:00,
V035,04/06/2025 11:00 – Ship reached port anchorage,ARRIVAL,2025-06-04T11:00:00,
V035,04/06/2025 19:00 – Pilot boarded at anchorage,PILOT_ONBOARD,2025-06-04T19:00:00,
V035,05/06/2025 03:00 – Secured alongside jetty 4,BERTHING,2025-06-05T03:00:00,
V035,05/06/2025 11:00 – Loading operations began,LOADING_START,2025-06-05T11:00:00,
V035,05/06/2025 13:00 – Completed loading cargo,LOADING_END,,2025-06-05T13:00:00
V035,05/06/2025 17:00 – Shifting from berth 4 to berth 1,SHIFTING,2025-06-05T17:00:00,
V035,05/06/2025 23:00 – Discharging began at berth 4,DISCHARGING_START,2025-06-05T23:00:00,
V035,06/06/2025 05:00 – Finished discharging,DISCHARGING_END,,2025-06-06T05:00:00
V035,06/06/2025 08:00 – Ship sailed from berth,DEPARTURE,2025-06-06T08:00:00,
V036,06/06/2025 13:00 – Anchored at port limits,ARRIVAL,2025-06-06T13:00:00,
V036,06/06/2025 20:00 – Pilot boarded at anchorage,PILOT_ONBOARD,2025-06-06T20:00:00,
V036,07/06/2025 02:00 – Vessel berthed at Jetty 4,BERTHING,2025-06-07T02:00:00,
V036,07/06/2025 09:00 – Commenced loading cargo,LOADING_START,2025-06-07T09:00:00,
V036,07/06/2025 13:00 – Loading operations ended,LOADING_END,,2025-06-07T13:00:00
V036,07/06/2025 17:00 – Shifting from berth 4 to berth 5,SHIFTING,2025-06-07T17:00:00,
V036,07/06/2025 21:00 – Commenced discharging cargo,DISCHARGING_START,2025-06-07T21:00:00,
V036,08/06/2025 00:00 – Finished discharging,DISCHARGING_END,,2025-06-08T00:00:00
V036,08/06/2025 05:00 – Vessel left port limits,DEPARTURE,2025-06-08T05:00:00,
V037,08/06/2025 11:00 – Vessel arrived at anchorage,ARRIVAL,2025-06-08T11:00:00,
V037,08/06/2025 13:00 – Pilot boarded at anchorage,PILOT_ONBOARD,2025-06-08T13:00:00,
V037,08/06/2025 19:00 – Ship alongside berth 5,BERTHING,2025-06-08T19:00:00,
V037,08/06/2025 21:00 – Began loading at jetty 5,LOADING_START,2025-06-08T21:00:00,
V037,09/06/2025 02:00 – Completed loading cargo,LOADING_END,,2025-06-09T02:00:00
V037,09/06/2025 07:00 – Ship moved from jetty 5 to 4,SHIFTING,2025-06-09T07:00:00,
V037,09/06/2025 15:00 – Discharging began at berth 5,DISCHARGING_START,2025-06-09T15:00:00,
V037,09/06/2025 21:00 – Discharging operations completed,DISCHARGING_END,,2025-06-09T21:00:00
V037,10/06/2025 05:00 – Vessel departed from port,DEPARTURE,2025-06-10T05:00:00,
V038,09/06/2025 14:00 – Vessel arrived at anchorage,ARRIVAL,2025-06-09T14:00:00,
V038,09/06/2025 15:00 – Pilot joined ship,PILOT_ONBOARD,2025-06-09T15:00:00,
V038,09/06/2025 22:00 – Ship alongside berth 5,BERTHING,2025-06-09T22:00:00,
V038,10/06/2025 06:00 – Commenced loading cargo,LOADING_START,2025-06-10T06:00:00,
V038,10/06/2025 14:00 – Cargo loading completed,LOADING_END,,2025-06-10T14:00:00
V038,10/06/2025 16:00 – Shifted alongside berth {jetty2},SHIFTING,2025-06-10T16:00:00,
V038,10/06/2025 19:00 – Commenced discharging cargo,DISCHARGING_START,2025-06-10T19:00:00,
V038,10/06/2025 20:00 – Completed discharging cargo,DISCHARGING_END,,2025-06-10T20:00:00
V038,11/06/2025 00:00 – Sailed from anchorage,DEPARTURE,2025-06-11T00:00:00,
V039,12/06/2025 08:00 – Ship reached port anchorage,ARRIVAL,2025-06-12T08:00:00,
V039,12/06/2025 15:00 – Pilot embarked vessel,PILOT_ONBOARD,2025-06-12T15:00:00,
V039,12/06/2025 23:00 – Ship alongside berth 2,BERTHING,2025-06-12T23:00:00,
V039,13/06/2025 01:00 – Began loading at jetty 2,LOADING_START,2025-06-13T01:00:00,
V039,13/06/2025 06:00 – Finished cargo operations,LOADING_END,,2025-06-13T06:00:00
V039,13/06/2025 13:00 – Shifted alongside berth {jetty2},SHIFTING,2025-06-13T13:00:00,
V039,13/06/2025 20:00 – Discharge ops commenced,DISCHARGING_START,2025-06-13T20:00:00,
V039,13/06/2025 21:00 – Finished discharging,DISCHARGING_END,,2025-06-13T21:00:00
V039,14/06/2025 00:00 – Ship sailed from berth,DEPARTURE,2025-06-14T00:00:00,
V040,15/06/2025 13:00 – Arrived at outer anchorage,ARRIVAL,2025-06-15T13:00:00,
V040,15/06/2025 17:00 – Pilot embarked vessel,PILOT_ONBOARD,2025-06-15T17:00:00,
V040,15/06/2025 19:00 – Ship alongside berth 1,BERTHING,2025-06-15T19:00:00,
V040,16/06/2025 03:00 – Loading operations began,LOADING_START,2025-06-16T03:00:00,
V040,16/06/2025 07:00 – Cargo loading completed,LOADING_END,,2025-06-16T07:00:00
V040,16/06/2025 11:00 – Ship moved from jetty 1 to 4,SHIFTING,2025-06-16T11:00:00,
V040,16/06/2025 16:00 – Started discharging operations,DISCHARGING_START,2025-06-16T16:00:00,
V040,16/06/2025 20:00 – Completed discharging cargo,DISCHARGING_END,,2025-06-16T20:00:00
V040,17/06/2025 04:00 – Ship sailed from berth,DEPARTURE,2025-06-17T04:00:00,
V041,18/06/2025 07:00 – Ship reached port anchorage,ARRIVAL,2025-06-18T07:00:00,
V041,18/06/2025 08:00 – Pilot on board,PILOT_ONBOARD,2025-06-18T08:00:00,
V041,18/06/2025 16:00 – Ship alongside berth 2,BERTHING,2025-06-18T16:00:00,
V041,18/06/2025 18:00 – Commenced loading cargo,LOADING_START,2025-06-18T18:00:00,
V041,18/06/2025 19:00 – Cargo loading completed,LOADING_END,,2025-06-18T19:00:00
V041,18/06/2025 22:00 – Shifted alongside berth {jetty2},SHIFTING,2025-06-18T22:00:00,
V041,19/06/2025 03:00 – Commenced discharging cargo,DISCHARGING_START,2025-06-19T03:00:00,
V041,19/06/2025 04:00 – Discharge ops ended,DISCHARGING_END,,2025-06-19T04:00:00
V041,19/06/2025 11:00 – Vessel departed from port,DEPARTURE,2025-06-19T11:00:00,
V042,20/06/2025 11:00 – Arrived at outer anchorage,ARRIVAL,2025-06-20T11:00:00,
V042,20/06/2025 15:00 – Pilot joined ship,PILOT_ONBOARD,2025-06-20T15:00:00,
V042,20/06/2025 22:00 – All fast at berth 3,BERTHING,2025-06-20T22:00:00,
V042,21/06/2025 02:00 – Commenced loading cargo,LOADING_START,2025-06-21T02:00:00,
V042,21/06/2025 08:00 – Completed loading cargo,LOADING_END,,2025-06-21T08:00:00
V042,21/06/2025 09:00 – Vessel shifted to another berth,SHIFTING,2025-06-21T09:00:00,
V042,21/06/2025 15:00 – Started discharging operations,DISCHARGING_START,2025-06-21T15:00:00,
V042,21/06/2025 18:00 – Discharging operations completed,DISCHARGING_END,,2025-06-21T18:00:00
V042,21/06/2025 20:00 – Vessel departed from port,DEPARTURE,2025-06-21T20:00:00,
V043,23/06/2025 11:00 – Anchored at port limits,ARRIVAL,2025-06-23T11:00:00,
V043,23/06/2025 18:00 – Pilot on board,PILOT_ONBOARD,2025-06-23T18:00:00,
V043,24/06/2025 00:00 – Vessel berthed at Jetty 4,BERTHING,2025-06-24T00:00:00,
V043,24/06/2025 08:00 – Loading operations began,LOADING_START,2025-06-24T08:00:00,
V043,24/06/2025 13:00 – Finished cargo operations,LOADING_END,,2025-06-24T13:00:00
V043,24/06/2025 18:00 – Vessel shifted to another berth,SHIFTING,2025-06-24T18:00:00,
V043,24/06/2025 22:00 – Commenced discharging cargo,DISCHARGING_START,2025-06-24T22:00:00,
V043,24/06/2025 23:00 – Discharging operations completed,DISCHARGING_END,,2025-06-24T23:00:00
V043,25/06/2025 00:00 – Vessel departed from port,DEPARTURE,2025-06-25T00:00:00,
V044,26/06/2025 08:00 – Vessel arrived at anchorage,ARRIVAL,2025-06-26T08:00:00,
V044,26/06/2025 14:00 – Pilot boarded at anchorage,PILOT_ONBOARD,2025-06-26T14:00:00,
V044,26/06/2025 19:00 – All fast at berth 3,BERTHING,2025-06-26T19:00:00,
V044,27/06/2025 01:00 – Commenced loading cargo,LOADING_START,2025-06-27T01:00:00,
V044,27/06/2025 08:00 – Loading operations ended,LOADING_END,,2025-06-27T08:00:00
V044,27/06/2025 11:00 – Vessel shifted to another berth,SHIFTING,2025-06-27T11:00:00,
V044,27/06/2025 18:00 – Commenced discharging cargo,DISCHARGING_START,2025-06-27T18:00:00,
V044,28/06/2025 01:00 – Discharging operations completed,DISCHARGING_END,,2025-06-28T01:00:00
V044,28/06/2025 07:00 – Sailed from anchorage,DEPARTURE,2025-06-28T07:00:00,
V045,29/06/2025 12:00 – Vessel arrived at anchorage,ARRIVAL,2025-06-29T12:00:00,
V045,29/06/2025 13:00 – Pilot boarded at anchorage,PILOT_ONBOARD,2025-06-29T13:00:00,
V045,29/06/2025 18:00 – Ship alongside berth 3,BERTHING,2025-06-29T18:00:00,
V045,30/06/2025 01:00 – Commenced loading cargo,LOADING_START,2025-06-30T01:00:00,
V045,30/06/2025 05:00 – Completed loading cargo,LOADING_END,,2025-06-30T05:00:00
V045,30/06/2025 09:00 – Ship moved from jetty 3 to 4,SHIFTING,2025-06-30T09:00:00,
V045,30/06/2025 16:00 – Discharging began at berth 3,DISCHARGING_START,2025-06-30T16:00:00,
V045,30/06/2025 21:00 – Discharging operations completed,DISCHARGING_END,,2025-06-30T21:00:00
V045,01/07/2025 02:00 – Ship sailed from berth,DEPARTURE,2025-07-01T02:00:00,
V046,30/06/2025 13:00 – Vessel arrived at anchorage,ARRIVAL,2025-06-30T13:00:00,
V046,30/06/2025 19:00 – Pilot boarded at anchorage,PILOT_ONBOARD,2025-06-30T19:00:00,
V046,30/06/2025 22:00 – Secured alongside jetty 2,BERTHING,2025-06-30T22:00:00,
V046,01/07/2025 01:00 – Loading operations began,LOADING_START,2025-07-01T01:00:00,
V046,01/07/2025 07:00 – Finished cargo operations,LOADING_END,,2025-07-01T07:00:00
V046,01/07/2025 10:00 – Vessel shifted to another berth,SHIFTING,2025-07-01T10:00:00,
V046,01/07/2025 11:00 – Commenced discharging cargo,DISCHARGING_START,2025-07-01T11:00:00,
V046,01/07/2025 18:00 – Finished discharging,DISCHARGING_END,,2025-07-01T18:00:00
V046,01/07/2025 20:00 – Ship sailed from berth,DEPARTURE,2025-07-01T20:00:00,
V047,02/07/2025 12:00 – Vessel arrived at anchorage,ARRIVAL,2025-07-02T12:00:00,
V047,02/07/2025 17:00 – Pilot boarded at anchorage,PILOT_ONBOARD,2025-07-02T17:00:00,
V047,03/07/2025 00:00 – All fast at berth 4,BERTHING,2025-07-03T00:00:00,
V047,03/07/2025 07:00 – Started cargo operations,LOADING_START,2025-07-03T07:00:00,
V047,03/07/2025 13:00 – Finished cargo operations,LOADING_END,,2025-07-03T13:00:00
V047,03/07/2025 20:00 – Ship moved from jetty 4 to 1,SHIFTING,2025-07-03T20:00:00,
V047,03/07/2025 23:00 – Commenced discharging cargo,DISCHARGING_START,2025-07-03T23:00:00,
V047,04/07/2025 02:00 – Completed discharging cargo,DISCHARGING_END,,2025-07-04T02:00:00
V047,04/07/2025 04:00 – Vessel left port limits,DEPARTURE,2025-07-04T04:00:00,
V048,05/07/2025 12:00 – Ship reached port anchorage,ARRIVAL,2025-07-05T12:00:00,
V048,05/07/2025 16:00 – Pilot embarked vessel,PILOT_ONBOARD,2025-07-05T16:00:00,
V048,05/07/2025 23:00 – All fast at berth 2,BERTHING,2025-07-05T23:00:00,
V048,06/07/2025 06:00 – Loading operations began,LOADING_START,2025-07-06T06:00:00,
V048,06/07/2025 13:00 – Loading operations ended,LOADING_END,,2025-07-06T13:00:00
V048,06/07/2025 19:00 – Shifted alongside berth {jetty2},SHIFTING,2025-07-06T19:00:00,
V048,06/07/2025 22:00 – Started discharging operations,DISCHARGING_START,2025-07-06T22:00:00,
V048,07/07/2025 06:00 – Completed discharging cargo,DISCHARGING_END,,2025-07-07T06:00:00
V048,07/07/2025 07:00 – Ship sailed from berth,DEPARTURE,2025-07-07T07:00:00,
V049,06/07/2025 11:00 – Anchored at port limits,ARRIVAL,2025-07-06T11:00:00,
V049,06/07/2025 18:00 – Pilot boarded at anchorage,PILOT_ONBOARD,2025-07-06T18:00:00,
V049,06/07/2025 23:00 – Vessel berthed at Jetty 2,BERTHING,2025-07-06T23:00:00,
V049,07/07/2025 04:00 – Commenced loading cargo,LOADING_START,2025-07-07T04:00:00,
V049,07/07/2025 09:00 – Finished cargo operations,LOADING_END,,2025-07-07T09:00:00
V049,07/07/2025 11:00 – Vessel shifted to another berth,SHIFTING,2025-07-07T11:00:00,
V049,07/07/2025 15:00 – Discharging began at berth 2,DISCHARGING_START,2025-07-07T15:00:00,
V049,07/07/2025 21:00 – Completed discharging cargo,DISCHARGING_END,,2025-07-07T21:00:00
V049,08/07/2025 04:00 – Vessel departed from port,DEPARTURE,2025-07-08T04:00:00,
V050,08/07/2025 07:00 – Ship reached port anchorage,ARRIVAL,2025-07-08T07:00:00,
V050,08/07/2025 13:00 – Pilot on board,PILOT_ONBOARD,2025-07-08T13:00:00,
V050,08/07/2025 21:00 – All fast at berth 5,BERTHING,2025-07-08T21:00:00,
V050,09/07/2025 05:00 – Began loading at jetty 5,LOADING_START,2025-07-09T05:00:00,
V050,09/07/2025 09:00 – Finished cargo operations,LOADING_END,,2025-07-09T09:00:00
V050,09/07/2025 10:00 – Shifted alongside berth {jetty2},SHIFTING,2025-07-09T10:00:00,
V050,09/07/2025 15:00 – Discharge ops commenced,DISCHARGING_START,2025-07-09T15:00:00,
V050,09/07/2025 21:00 – Discharging operations completed,DISCHARGING_END,,2025-07-09T21:00:00
V050,10/07/2025 02:00 – Ship sailed from berth,DEPARTURE,2025-07-10T02:00:00,
V051,11/07/2025 10:00 – Arrived at outer anchorage,ARRIVAL,2025-07-11T10:00:00,
V051,11/07/2025 18:00 – Pilot on board,PILOT_ONBOARD,2025-07-11T18:00:00,
V051,12/07/2025 00:00 – Vessel berthed at Jetty 3,BERTHING,2025-07-12T00:00:00,
V051,12/07/2025 05:00 – Began loading at jetty 3,LOADING_START,2025-07-12T05:00:00,
V051,12/07/2025 10:00 – Cargo loading completed,LOADING_END,,2025-07-12T10:00:00
V051,12/07/2025 18:00 – Shifted alongside berth {jetty2},SHIFTING,2025-07-12T18:00:00,
V051,13/07/2025 02:00 – Started discharging operations,DISCHARGING_START,2025-07-13T02:00:00,
V051,13/07/2025 05:00 – Finished discharging,DISCHARGING_END,,2025-07-13T05:00:00
V051,13/07/2025 10:00 – Vessel departed from port,DEPARTURE,2025-07-13T10:00:00,
V052,14/07/2025 11:00 – Vessel arrived at anchorage,ARRIVAL,2025-07-14T11:00:00,
V052,14/07/2025 13:00 – Pilot on board,PILOT_ONBOARD,2025-07-14T13:00:00,
V052,14/07/2025 16:00 – Ship alongside berth 5,BERTHING,2025-07-14T16:00:00,
V052,14/07/2025 21:00 – Began loading at jetty 5,LOADING_START,2025-07-14T21:00:00,
V052,15/07/2025 01:00 – Loading operations ended,LOADING_END,,2025-07-15T01:00:00
V052,15/07/2025 08:00 – Ship moved from jetty 5 to 5,SHIFTING,2025-07-15T08:00:00,
V052,15/07/2025 12:00 – Discharging began at berth 5,DISCHARGING_START,2025-07-15T12:00:00,
V052,15/07/2025 20:00 – Discharging operations completed,DISCHARGING_END,,2025-07-15T20:00:00
V052,15/07/2025 21:00 – Sailed from anchorage,DEPARTURE,2025-07-15T21:00:00,
V053,16/07/2025 11:00 – Anchored at port limits,ARRIVAL,2025-07-16T11:00:00,
V053,16/07/2025 19:00 – Pilot joined ship,PILOT_ONBOARD,2025-07-16T19:00:00,
V053,16/07/2025 20:00 – Ship alongside berth 5,BERTHING,2025-07-16T20:00:00,
V053,17/07/2025 04:00 – Loading operations began,LOADING_START,2025-07-17T04:00:00,
V053,17/07/2025 10:00 – Loading operations ended,LOADING_END,,2025-07-17T10:00:00
V053,17/07/2025 15:00 – Shifted alongside berth {jetty2},SHIFTING,2025-07-17T15:00:00,
V053,17/07/2025 16:00 – Commenced discharging cargo,DISCHARGING_START,2025-07-17T16:00:00,
V053,17/07/2025 20:00 – Finished discharging,DISCHARGING_END,,2025-07-17T20:00:00
V053,18/07/2025 02:00 – Ship sailed from berth,DEPARTURE,2025-07-18T02:00:00,
V054,17/07/2025 14:00 – Ship reached port anchorage,ARRIVAL,2025-07-17T14:00:00,
V054,17/07/2025 21:00 – Pilot embarked vessel,PILOT_ONBOARD,2025-07-17T21:00:00,
V054,18/07/2025 01:00 – Vessel berthed at Jetty 4,BERTHING,2025-07-18T01:00:00,
V054,18/07/2025 08:00 – Started cargo operations,LOADING_START,2025-07-18T08:00:00,
V054,18/07/2025 09:00 – Finished cargo operations,LOADING_END,,2025-07-18T09:00:00
V054,18/07/2025 11:00 – Vessel shifted to another berth,SHIFTING,2025-07-18T11:00:00,
V054,18/07/2025 18:00 – Started discharging operations,DISCHARGING_START,2025-07-18T18:00:00,
V054,19/07/2025 01:00 – Completed discharging cargo,DISCHARGING_END,,2025-07-19T01:00:00
V054,19/07/2025 07:00 – Ship sailed from berth,DEPARTURE,2025-07-19T07:00:00,
V055,18/07/2025 13:00 – Ship reached port anchorage,ARRIVAL,2025-07-18T13:00:00,
V055,18/07/2025 16:00 – Pilot embarked vessel,PILOT_ONBOARD,2025-07-18T16:00:00,
V055,18/07/2025 22:00 – Secured alongside jetty 1,BERTHING,2025-07-18T22:00:00,
V055,19/07/2025 06:00 – Loading operations began,LOADING_START,2025-07-19T06:00:00,
V055,19/07/2025 14:00 – Cargo loading completed,LOADING_END,,2025-07-19T14:00:00
V055,19/07/2025 15:00 – Ship moved from jetty 1 to 4,SHIFTING,2025-07-19T15:00:00,
V055,19/07/2025 20:00 – Started discharging operations,DISCHARGING_START,2025-07-19T20:00:00,
V055,19/07/2025 21:00 – Completed discharging cargo,DISCHARGING_END,,2025-07-19T21:00:00
V055,20/07/2025 05:00 – Vessel left port limits,DEPARTURE,2025-07-20T05:00:00,
V056,19/07/2025 09:00 – Ship reached port anchorage,ARRIVAL,2025-07-19T09:00:00,
V056,19/07/2025 10:00 – Pilot joined ship,PILOT_ONBOARD,2025-07-19T10:00:00,
V056,19/07/2025 11:00 – Ship alongside berth 3,BERTHING,2025-07-19T11:00:00,
V056,19/07/2025 12:00 – Started cargo operations,LOADING_START,2025-07-19T12:00:00,
V056,19/07/2025 15:00 – Finished cargo operations,LOADING_END,,2025-07-19T15:00:00
V056,19/07/2025 16:00 – Shifting from berth 3 to berth 5,SHIFTING,2025-07-19T16:00:00,
V056,19/07/2025 21:00 – Discharge ops commenced,DISCHARGING_START,2025-07-19T21:00:00,
V056,20/07/2025 00:00 – Discharging operations completed,DISCHARGING_END,,2025-07-20T00:00:00
V056,20/07/2025 07:00 – Ship sailed from berth,DEPARTURE,2025-07-20T07:00:00,
V057,21/07/2025 09:00 – Vessel arrived at anchorage,ARRIVAL,2025-07-21T09:00:00,
V057,21/07/2025 11:00 – Pilot embarked vessel,PILOT_ONBOARD,2025-07-21T11:00:00,
V057,21/07/2025 18:00 – Ship alongside berth 3,BERTHING,2025-07-21T18:00:00,
V057,22/07/2025 02:00 – Started cargo operations,LOADING_START,2025-07-22T02:00:00,
V057,22/07/2025 03:00 – Cargo loading completed,LOADING_END,,2025-07-22T03:00:00
V057,22/07/2025 07:00 – Shifting from berth 3 to berth 3,SHIFTING,2025-07-22T07:00:00,
V057,22/07/2025 14:00 – Commenced discharging cargo,DISCHARGING_START,2025-07-22T14:00:00,
V057,22/07/2025 20:00 – Finished discharging,DISCHARGING_END,,2025-07-22T20:00:00
V057,22/07/2025 23:00 – Sailed from anchorage,DEPARTURE,2025-07-22T23:00:00,
V058,23/07/2025 07:00 – Vessel arrived at anchorage,ARRIVAL,2025-07-23T07:00:00,
V058,23/07/2025 13:00 – Pilot boarded at anchorage,PILOT_ONBOARD,2025-07-23T13:00:00,
V058,23/07/2025 18:00 – Secured alongside jetty 3,BERTHING,2025-07-23T18:00:00,
V058,23/07/2025 22:00 – Began loading at jetty 3,LOADING_START,2025-07-23T22:00:00,
V058,24/07/2025 02:00 – Finished cargo operations,LOADING_END,,2025-07-24T02:00:00
V058,24/07/2025 04:00 – Shifted alongside berth {jetty2},SHIFTING,2025-07-24T04:00:00,
V058,24/07/2025 07:00 – Started discharging operations,DISCHARGING_START,2025-07-24T07:00:00,
V058,24/07/2025 12:00 – Discharge ops ended,DISCHARGING_END,,2025-07-24T12:00:00
V058,24/07/2025 14:00 – Ship sailed from berth,DEPARTURE,2025-07-24T14:00:00,
V059,25/07/2025 12:00 – Vessel arrived at anchorage,ARRIVAL,2025-07-25T12:00:00,
V059,25/07/2025 13:00 – Pilot embarked vessel,PILOT_ONBOARD,2025-07-25T13:00:00,
V059,25/07/2025 15:00 – Vessel berthed at Jetty 1,BERTHING,2025-07-25T15:00:00,
V059,25/07/2025 23:00 – Began loading at jetty 1,LOADING_START,2025-07-25T23:00:00,
V059,26/07/2025 02:00 – Cargo loading completed,LOADING_END,,2025-07-26T02:00:00
V059,26/07/2025 04:00 – Shifted alongside berth {jetty2},SHIFTING,2025-07-26T04:00:00,
V059,26/07/2025 12:00 – Started discharging operations,DISCHARGING_START,2025-07-26T12:00:00,
V059,26/07/2025 14:00 – Discharging operations completed,DISCHARGING_END,,2025-07-26T14:00:00
V059,26/07/2025 21:00 – Vessel departed from port,DEPARTURE,2025-07-26T21:00:00,
V060,27/07/2025 11:00 – Anchored at port limits,ARRIVAL,2025-07-27T11:00:00,
V060,27/07/2025 12:00 – Pilot joined ship,PILOT_ONBOARD,2025-07-27T12:00:00,
V060,27/07/2025 16:00 – All fast at berth 4,BERTHING,2025-07-27T16:00:00,
V060,27/07/2025 23:00 – Loading operations began,LOADING_START,2025-07-27T23:00:00,
V060,28/07/2025 00:00 – Finished cargo operations,LOADING_END,,2025-07-28T00:00:00
V060,28/07/2025 02:00 – Shifting from berth 4 to berth 5,SHIFTING,2025-07-28T02:00:00,
V060,28/07/2025 09:00 – Discharge ops commenced,DISCHARGING_START,2025-07-28T09:00:00,
V060,28/07/2025 12:00 – Completed discharging cargo,DISCHARGING_END,,2025-07-28T12:00:00
V060,28/07/2025 18:00 – Vessel left port limits,DEPARTURE,2025-07-28T18:00:00,
V061,29/07/2025 11:00 – Vessel arrived at anchorage,ARRIVAL,2025-07-29T11:00:00,
V061,29/07/2025 17:00 – Pilot joined ship,PILOT_ONBOARD,2025-07-29T17:00:00,
V061,29/07/2025 22:00 – Ship alongside berth 5,BERTHING,2025-07-29T22:00:00,
V061,30/07/2025 01:00 – Began loading at jetty 5,LOADING_START,2025-07-30T01:00:00,
V061,30/07/2025 06:00 – Finished cargo operations,LOADING_END,,2025-07-30T06:00:00
V061,30/07/2025 08:00 – Shifted alongside berth {jetty2},SHIFTING,2025-07-30T08:00:00,
V061,30/07/2025 16:00 – Discharging began at berth 5,DISCHARGING_START,2025-07-30T16:00:00,
V061,30/07/2025 19:00 – Completed discharging cargo,DISCHARGING_END,,2025-07-30T19:00:00
V061,31/07/2025 00:00 – Vessel left port limits,DEPARTURE,2025-07-31T00:00:00,
V062,01/08/2025 14:00 – Vessel arrived at anchorage,ARRIVAL,2025-08-01T14:00:00,
V062,01/08/2025 17:00 – Pilot boarded at anchorage,PILOT_ONBOARD,2025-08-01T17:00:00,
V062,01/08/2025 19:00 – Ship alongside berth 5,BERTHING,2025-08-01T19:00:00,
V062,02/08/2025 03:00 – Started cargo operations,LOADING_START,2025-08-02T03:00:00,
V062,02/08/2025 05:00 – Loading operations ended,LOADING_END,,2025-08-02T05:00:00
V062,02/08/2025 11:00 – Vessel shifted to another berth,SHIFTING,2025-08-02T11:00:00,
V062,02/08/2025 18:00 – Started discharging operations,DISCHARGING_START,2025-08-02T18:00:00,
V062,03/08/2025 00:00 – Completed discharging cargo,DISCHARGING_END,,2025-08-03T00:00:00
V062,03/08/2025 01:00 – Vessel left port limits,DEPARTURE,2025-08-03T01:00:00,
V063,04/08/2025 11:00 – Ship reached port anchorage,ARRIVAL,2025-08-04T11:00:00,
V063,04/08/2025 12:00 – Pilot joined ship,PILOT_ONBOARD,2025-08-04T12:00:00,
V063,04/08/2025 20:00 – Vessel berthed at Jetty 1,BERTHING,2025-08-04T20:00:00,
V063,04/08/2025 21:00 – Loading operations began,LOADING_START,2025-08-04T21:00:00,
V063,05/08/2025 01:00 – Loading operations ended,LOADING_END,,2025-08-05T01:00:00
V063,05/08/2025 06:00 – Vessel shifted to another berth,SHIFTING,2025-08-05T06:00:00,
V063,05/08/2025 13:00 – Discharging began at berth 1,DISCHARGING_START,2025-08-05T13:00:00,
V063,05/08/2025 16:00 – Completed discharging cargo,DISCHARGING_END,,2025-08-05T16:00:00
V063,05/08/2025 21:00 – Vessel departed from port,DEPARTURE,2025-08-05T21:00:00,
V064,05/08/2025 10:00 – Anchored at port limits,ARRIVAL,2025-08-05T10:00:00,
V064,05/08/2025 17:00 – Pilot embarked vessel,PILOT_ONBOARD,2025-08-05T17:00:00,
V064,05/08/2025 21:00 – Secured alongside jetty 5,BERTHING,2025-08-05T21:00:00,
V064,06/08/2025 00:00 – Began loading at jetty 5,LOADING_START,2025-08-06T00:00:00,
V064,06/08/2025 08:00 – Finished cargo operations,LOADING_END,,2025-08-06T08:00:00
V064,06/08/2025 11:00 – Vessel shifted to another berth,SHIFTING,2025-08-06T11:00:00,
V064,06/08/2025 15:00 – Discharging began at berth 5,DISCHARGING_START,2025-08-06T15:00:00,
V064,06/08/2025 19:00 – Discharge ops ended,DISCHARGING_END,,2025-08-06T19:00:00
V064,07/08/2025 02:00 – Vessel departed from port,DEPARTURE,2025-08-07T02:00:00,
V065,06/08/2025 11:00 – Arrived at outer anchorage,ARRIVAL,2025-08-06T11:00:00,
V065,06/08/2025 14:00 – Pilot embarked vessel,PILOT_ONBOARD,2025-08-06T14:00:00,
V065,06/08/2025 17:00 – Vessel berthed at Jetty 1,BERTHING,2025-08-06T17:00:00,
V065,06/08/2025 22:00 – Commenced loading cargo,LOADING_START,2025-08-06T22:00:00,
V065,06/08/2025 23:00 – Cargo loading completed,LOADING_END,,2025-08-06T23:00:00
V065,07/08/2025 06:00 – Vessel shifted to another berth,SHIFTING,2025-08-07T06:00:00,
V065,07/08/2025 09:00 – Started discharging operations,DISCHARGING_START,2025-08-07T09:00:00,
V065,07/08/2025 17:00 – Discharge ops ended,DISCHARGING_END,,2025-08-07T17:00:00
V065,07/08/2025 21:00 – Vessel departed from port,DEPARTURE,2025-08-07T21:00:00,
V066,08/08/2025 11:00 – Vessel arrived at anchorage,ARRIVAL,2025-08-08T11:00:00,
V066,08/08/2025 15:00 – Pilot embarked vessel,PILOT_ONBOARD,2025-08-08T15:00:00,
V066,08/08/2025 17:00 – Ship alongside berth 5,BERTHING,2025-08-08T17:00:00,
V066,08/08/2025 19:00 – Loading operations began,LOADING_START,2025-08-08T19:00:00,
V066,09/08/2025 00:00 – Finished cargo operations,LOADING_END,,2025-08-09T00:00:00
V066,09/08/2025 05:00 – Shifting from berth 5 to berth 1,SHIFTING,2025-08-09T05:00:00,
V066,09/08/2025 12:00 – Started discharging operations,DISCHARGING_START,2025-08-09T12:00:00,
V066,09/08/2025 14:00 – Discharge ops ended,DISCHARGING_END,,2025-08-09T14:00:00
V066,09/08/2025 19:00 – Ship sailed from berth,DEPARTURE,2025-08-09T19:00:00,
V067,11/08/2025 07:00 – Arrived at outer anchorage,ARRIVAL,2025-08-11T07:00:00,
V067,11/08/2025 09:00 – Pilot joined ship,PILOT_ONBOARD,2025-08-11T09:00:00,
V067,11/08/2025 14:00 – Ship alongside berth 5,BERTHING,2025-08-11T14:00:00,
V067,11/08/2025 19:00 – Started cargo operations,LOADING_START,2025-08-11T19:00:00,
V067,11/08/2025 22:00 – Cargo loading completed,LOADING_END,,2025-08-11T22:00:00
V067,12/08/2025 04:00 – Shifted alongside berth {jetty2},SHIFTING,2025-08-12T04:00:00,
V067,12/08/2025 11:00 – Discharging began at berth 5,DISCHARGING_START,2025-08-12T11:00:00,
V067,12/08/2025 15:00 – Finished discharging,DISCHARGING_END,,2025-08-12T15:00:00
V067,12/08/2025 17:00 – Vessel departed from port,DEPARTURE,2025-08-12T17:00:00,
V068,13/08/2025 08:00 – Anchored at port limits,ARRIVAL,2025-08-13T08:00:00,
V068,13/08/2025 13:00 – Pilot boarded at anchorage,PILOT_ONBOARD,2025-08-13T13:00:00,
V068,13/08/2025 18:00 – Ship alongside berth 4,BERTHING,2025-08-13T18:00:00,
V068,14/08/2025 00:00 – Loading operations began,LOADING_START,2025-08-14T00:00:00,
V068,14/08/2025 01:00 – Cargo loading completed,LOADING_END,,2025-08-14T01:00:00
V068,14/08/2025 09:00 – Ship moved from jetty 4 to 4,SHIFTING,2025-08-14T09:00:00,
V068,14/08/2025 14:00 – Discharge ops commenced,DISCHARGING_START,2025-08-14T14:00:00,
V068,14/08/2025 20:00 – Discharge ops ended,DISCHARGING_END,,2025-08-14T20:00:00
V068,15/08/2025 03:00 – Ship sailed from berth,DEPARTURE,2025-08-15T03:00:00,
V069,15/08/2025 11:00 – Anchored at port limits,ARRIVAL,2025-08-15T11:00:00,
V069,15/08/2025 13:00 – Pilot joined ship,PILOT_ONBOARD,2025-08-15T13:00:00,
V069,15/08/2025 15:00 – Ship alongside berth 4,BERTHING,2025-08-15T15:00:00,
V069,15/08/2025 19:00 – Began loading at jetty 4,LOADING_START,2025-08-15T19:00:00,
V069,15/08/2025 23:00 – Completed loading cargo,LOADING_END,,2025-08-15T23:00:00
V069,16/08/2025 06:00 – Vessel shifted to another berth,SHIFTING,2025-08-16T06:00:00,
V069,16/08/2025 07:00 – Started discharging operations,DISCHARGING_START,2025-08-16T07:00:00,
V069,16/08/2025 12:00 – Discharge ops ended,DISCHARGING_END,,2025-08-16T12:00:00
V069,16/08/2025 18:00 – Vessel left port limits,DEPARTURE,2025-08-16T18:00:00,
V070,17/08/2025 13:00 – Ship reached port anchorage,ARRIVAL,2025-08-17T13:00:00,
V070,17/08/2025 14:00 – Pilot boarded at anchorage,PILOT_ONBOARD,2025-08-17T14:00:00,
V070,17/08/2025 19:00 – Vessel berthed at Jetty 1,BERTHING,2025-08-17T19:00:00,
V070,18/08/2025 02:00 – Started cargo operations,LOADING_START,2025-08-18T02:00:00,
V070,18/08/2025 06:00 – Finished cargo operations,LOADING_END,,2025-08-18T06:00:00
V070,18/08/2025 13:00 – Ship moved from jetty 1 to 5,SHIFTING,2025-08-18T13:00:00,
V070,18/08/2025 21:00 – Discharging began at berth 1,DISCHARGING_START,2025-08-18T21:00:00,
V070,18/08/2025 22:00 – Completed discharging cargo,DISCHARGING_END,,2025-08-18T22:00:00
V070,19/08/2025 00:00 – Ship sailed from berth,DEPARTURE,2025-08-19T00:00:00,
V071,20/08/2025 13:00 – Ship reached port anchorage,ARRIVAL,2025-08-20T13:00:00,
V071,20/08/2025 15:00 – Pilot on board,PILOT_ONBOARD,2025-08-20T15:00:00,
V071,20/08/2025 16:00 – Secured alongside jetty 3,BERTHING,2025-08-20T16:00:00,
V071,20/08/2025 20:00 – Began loading at jetty 3,LOADING_START,2025-08-20T20:00:00,
V071,20/08/2025 21:00 – Completed loading cargo,LOADING_END,,2025-08-20T21:00:00
V071,21/08/2025 01:00 – Shifted alongside berth {jetty2},SHIFTING,2025-08-21T01:00:00,
V071,21/08/2025 02:00 – Discharging began at berth 3,DISCHARGING_START,2025-08-21T02:00:00,
V071,21/08/2025 07:00 – Discharging operations completed,DISCHARGING_END,,2025-08-21T07:00:00
V071,21/08/2025 10:00 – Sailed from anchorage,DEPARTURE,2025-08-21T10:00:00,
V072,21/08/2025 12:00 – Arrived at outer anchorage,ARRIVAL,2025-08-21T12:00:00,
V072,21/08/2025 14:00 – Pilot boarded at anchorage,PILOT_ONBOARD,2025-08-21T14:00:00,
V072,21/08/2025 17:00 – Ship alongside berth 1,BERTHING,2025-08-21T17:00:00,
V072,22/08/2025 01:00 – Commenced loading cargo,LOADING_START,2025-08-22T01:00:00,
V072,22/08/2025 09:00 – Cargo loading completed,LOADING_END,,2025-08-22T09:00:00
V072,22/08/2025 10:00 – Ship moved from jetty 1 to 2,SHIFTING,2025-08-22T10:00:00,
V072,22/08/2025 18:00 – Commenced discharging cargo,DISCHARGING_START,2025-08-22T18:00:00,
V072,22/08/2025 21:00 – Completed discharging cargo,DISCHARGING_END,,2025-08-22T21:00:00
V072,23/08/2025 02:00 – Vessel left port limits,DEPARTURE,2025-08-23T02:00:00,
V073,24/08/2025 14:00 – Arrived at outer anchorage,ARRIVAL,2025-08-24T14:00:00,
V073,24/08/2025 22:00 – Pilot boarded at anchorage,PILOT_ONBOARD,2025-08-24T22:00:00,
V073,25/08/2025 03:00 – Vessel berthed at Jetty 3,BERTHING,2025-08-25T03:00:00,
V073,25/08/2025 10:00 – Loading operations began,LOADING_START,2025-08-25T10:00:00,
V073,25/08/2025 14:00 – Cargo loading completed,LOADING_END,,2025-08-25T14:00:00
V073,25/08/2025 15:00 – Shifting from berth 3 to berth 1,SHIFTING,2025-08-25T15:00:00,
V073,25/08/2025 21:00 – Started discharging operations,DISCHARGING_START,2025-08-25T21:00:00,
V073,26/08/2025 02:00 – Finished discharging,DISCHARGING_END,,2025-08-26T02:00:00
V073,26/08/2025 09:00 – Ship sailed from berth,DEPARTURE,2025-08-26T09:00:00,
V074,26/08/2025 10:00 – Ship reached port anchorage,ARRIVAL,2025-08-26T10:00:00,
V074,26/08/2025 17:00 – Pilot boarded at anchorage,PILOT_ONBOARD,2025-08-26T17:00:00,
V074,26/08/2025 20:00 – Ship alongside berth 3,BERTHING,2025-08-26T20:00:00,
V074,27/08/2025 00:00 – Loading operations began,LOADING_START,2025-08-27T00:00:00,
V074,27/08/2025 02:00 – Loading operations ended,LOADING_END,,2025-08-27T02:00:00
V074,27/08/2025 10:00 – Shifted alongside berth {jetty2},SHIFTING,2025-08-27T10:00:00,
V074,27/08/2025 13:00 – Started discharging operations,DISCHARGING_START,2025-08-27T13:00:00,
V074,27/08/2025 20:00 – Finished discharging,DISCHARGING_END,,2025-08-27T20:00:00
V074,28/08/2025 04:00 – Vessel departed from port,DEPARTURE,2025-08-28T04:00:00,
V075,28/08/2025 09:00 – Ship reached port anchorage,ARRIVAL,2025-08-28T09:00:00,
V075,28/08/2025 15:00 – Pilot boarded at anchorage,PILOT_ONBOARD,2025-08-28T15:00:00,
V075,28/08/2025 23:00 – All fast at berth 2,BERTHING,2025-08-28T23:00:00,
V075,29/08/2025 01:00 – Began loading at jetty 2,LOADING_START,2025-08-29T01:00:00,
V075,29/08/2025 08:00 – Completed loading cargo,LOADING_END,,2025-08-29T08:00:00
V075,29/08/2025 09:00 – Vessel shifted to another berth,SHIFTING,2025-08-29T09:00:00,
V075,29/08/2025 13:00 – Commenced discharging cargo,DISCHARGING_START,2025-08-29T13:00:00,
V075,29/08/2025 18:00 – Completed discharging cargo,DISCHARGING_END,,2025-08-29T18:00:00
V075,29/08/2025 20:00 – Sailed from anchorage,DEPARTURE,2025-08-29T20:00:00,
V076,31/08/2025 07:00 – Ship reached port anchorage,ARRIVAL,2025-08-31T07:00:00,
V076,31/08/2025 11:00 – Pilot embarked vessel,PILOT_ONBOARD,2025-08-31T11:00:00,
V076,31/08/2025 14:00 – Secured alongside jetty 2,BERTHING,2025-08-31T14:00:00,
V076,31/08/2025 15:00 – Began loading at jetty 2,LOADING_START,2025-08-31T15:00:00,
V076,31/08/2025 23:00 – Completed loading cargo,LOADING_END,,2025-08-31T23:00:00
V076,01/09/2025 06:00 – Shifting from berth 2 to berth 4,SHIFTING,2025-09-01T06:00:00,
V076,01/09/2025 13:00 – Discharging began at berth 2,DISCHARGING_START,2025-09-01T13:00:00,
V076,01/09/2025 18:00 – Discharging operations completed,DISCHARGING_END,,2025-09-01T18:00:00
V076,01/09/2025 23:00 – Vessel left port limits,DEPARTURE,2025-09-01T23:00:00,
V077,01/09/2025 14:00 – Ship reached port anchorage,ARRIVAL,2025-09-01T14:00:00,
V077,01/09/2025 15:00 – Pilot boarded at anchorage,PILOT_ONBOARD,2025-09-01T15:00:00,
V077,01/09/2025 18:00 – Ship alongside berth 5,BERTHING,2025-09-01T18:00:00,
V077,01/09/2025 19:00 – Started cargo operations,LOADING_START,2025-09-01T19:00:00,
V077,02/09/2025 01:00 – Completed loading cargo,LOADING_END,,2025-09-02T01:00:00
V077,02/09/2025 04:00 – Shifted alongside berth {jetty2},SHIFTING,2025-09-02T04:00:00,
V077,02/09/2025 09:00 – Commenced discharging cargo,DISCHARGING_START,2025-09-02T09:00:00,
V077,02/09/2025 14:00 – Discharge ops ended,DISCHARGING_END,,2025-09-02T14:00:00
V077,02/09/2025 22:00 – Sailed from anchorage,DEPARTURE,2025-09-02T22:00:00,
V078,04/09/2025 07:00 – Vessel arrived at anchorage,ARRIVAL,2025-09-04T07:00:00,
V078,04/09/2025 14:00 – Pilot embarked vessel,PILOT_ONBOARD,2025-09-04T14:00:00,
V078,04/09/2025 20:00 – All fast at berth 5,BERTHING,2025-09-04T20:00:00,
V078,05/09/2025 04:00 – Commenced loading cargo,LOADING_START,2025-09-05T04:00:00,
V078,05/09/2025 07:00 – Completed loading cargo,LOADING_END,,2025-09-05T07:00:00
V078,05/09/2025 11:00 – Vessel shifted to another berth,SHIFTING,2025-09-05T11:00:00,
V078,05/09/2025 12:00 – Discharging began at berth 5,DISCHARGING_START,2025-09-05T12:00:00,
V078,05/09/2025 17:00 – Discharging operations completed,DISCHARGING_END,,2025-09-05T17:00:00
V078,05/09/2025 20:00 – Ship sailed from berth,DEPARTURE,2025-09-05T20:00:00,
V079,06/09/2025 07:00 – Ship reached port anchorage,ARRIVAL,2025-09-06T07:00:00,
V079,06/09/2025 15:00 – Pilot on board,PILOT_ONBOARD,2025-09-06T15:00:00,
V079,06/09/2025 20:00 – Ship alongside berth 1,BERTHING,2025-09-06T20:00:00,
V079,07/09/2025 00:00 – Started cargo operations,LOADING_START,2025-09-07T00:00:00,
V079,07/09/2025 07:00 – Finished cargo operations,LOADING_END,,2025-09-07T07:00:00
V079,07/09/2025 13:00 – Vessel shifted to another berth,SHIFTING,2025-09-07T13:00:00,
V079,07/09/2025 19:00 – Commenced discharging cargo,DISCHARGING_START,2025-09-07T19:00:00,
V079,08/09/2025 02:00 – Finished discharging,DISCHARGING_END,,2025-09-08T02:00:00
V079,08/09/2025 10:00 – Vessel left port limits,DEPARTURE,2025-09-08T10:00:00,
V080,07/09/2025 11:00 – Vessel arrived at anchorage,ARRIVAL,2025-09-07T11:00:00,
V080,07/09/2025 15:00 – Pilot boarded at anchorage,PILOT_ONBOARD,2025-09-07T15:00:00,
V080,07/09/2025 17:00 – All fast at berth 5,BERTHING,2025-09-07T17:00:00,
V080,08/09/2025 00:00 – Loading operations began,LOADING_START,2025-09-08T00:00:00,
V080,08/09/2025 01:00 – Cargo loading completed,LOADING_END,,2025-09-08T01:00:00
V080,08/09/2025 07:00 – Vessel shifted to another berth,SHIFTING,2025-09-08T07:00:00,
V080,08/09/2025 13:00 – Discharging began at berth 5,DISCHARGING_START,2025-09-08T13:00:00,
V080,08/09/2025 16:00 – Discharge ops ended,DISCHARGING_END,,2025-09-08T16:00:00
V080,08/09/2025 22:00 – Sailed from anchorage,DEPARTURE,2025-09-08T22:00:00,
V081,09/09/2025 12:00 – Anchored at port limits,ARRIVAL,2025-09-09T12:00:00,
V081,09/09/2025 19:00 – Pilot on board,PILOT_ONBOARD,2025-09-09T19:00:00,
V081,10/09/2025 01:00 – All fast at berth 4,BERTHING,2025-09-10T01:00:00,
V081,10/09/2025 08:00 – Commenced loading cargo,LOADING_START,2025-09-10T08:00:00,
V081,10/09/2025 09:00 – Finished cargo operations,LOADING_END,,2025-09-10T09:00:00
V081,10/09/2025 11:00 – Shifting from berth 4 to berth 1,SHIFTING,2025-09-10T11:00:00,
V081,10/09/2025 18:00 – Started discharging operations,DISCHARGING_START,2025-09-10T18:00:00,
V081,11/09/2025 02:00 – Discharge ops ended,DISCHARGING_END,,2025-09-11T02:00:00
V081,11/09/2025 10:00 – Ship sailed from berth,DEPARTURE,2025-09-11T10:00:00,
V082,10/09/2025 13:00 – Arrived at outer anchorage,ARRIVAL,2025-09-10T13:00:00,
V082,10/09/2025 15:00 – Pilot on board,PILOT_ONBOARD,2025-09-10T15:00:00,
V082,10/09/2025 16:00 – Secured alongside jetty 2,BERTHING,2025-09-10T16:00:00,
V082,10/09/2025 18:00 – Began loading at jetty 2,LOADING_START,2025-09-10T18:00:00,
V082,10/09/2025 19:00 – Finished cargo operations,LOADING_END,,2025-09-10T19:00:00
V082,11/09/2025 02:00 – Shifted alongside berth {jetty2},SHIFTING,2025-09-11T02:00:00,
V082,11/09/2025 09:00 – Commenced discharging cargo,DISCHARGING_START,2025-09-11T09:00:00,
V082,11/09/2025 15:00 – Finished discharging,DISCHARGING_END,,2025-09-11T15:00:00
V082,11/09/2025 20:00 – Ship sailed from berth,DEPARTURE,2025-09-11T20:00:00,
V083,13/09/2025 07:00 – Vessel arrived at anchorage,ARRIVAL,2025-09-13T07:00:00,
V083,13/09/2025 09:00 – Pilot on board,PILOT_ONBOARD,2025-09-13T09:00:00,
V083,13/09/2025 17:00 – Ship alongside berth 4,BERTHING,2025-09-13T17:00:00,
V083,14/09/2025 00:00 – Started cargo operations,LOADING_START,2025-09-14T00:00:00,
V083,14/09/2025 04:00 – Completed loading cargo,LOADING_END,,2025-09-14T04:00:00
V083,14/09/2025 12:00 – Vessel shifted to another berth,SHIFTING,2025-09-14T12:00:00,
V083,14/09/2025 15:00 – Commenced discharging cargo,DISCHARGING_START,2025-09-14T15:00:00,
V083,14/09/2025 22:00 – Discharging operations completed,DISCHARGING_END,,2025-09-14T22:00:00
V083,15/09/2025 00:00 – Vessel departed from port,DEPARTURE,2025-09-15T00:00:00,
V084,15/09/2025 10:00 – Anchored at port limits,ARRIVAL,2025-09-15T10:00:00,
V084,15/09/2025 18:00 – Pilot joined ship,PILOT_ONBOARD,2025-09-15T18:00:00,
V084,15/09/2025 22:00 – Ship alongside berth 5,BERTHING,2025-09-15T22:00:00,
V084,16/09/2025 05:00 – Commenced loading cargo,LOADING_START,2025-09-16T05:00:00,
V084,16/09/2025 13:00 – Completed loading cargo,LOADING_END,,2025-09-16T13:00:00
V084,16/09/2025 18:00 – Vessel shifted to another berth,SHIFTING,2025-09-16T18:00:00,
V084,16/09/2025 19:00 – Discharge ops commenced,DISCHARGING_START,2025-09-16T19:00:00,
V084,16/09/2025 20:00 – Discharging operations completed,DISCHARGING_END,,2025-09-16T20:00:00
V084,17/09/2025 04:00 – Sailed from anchorage,DEPARTURE,2025-09-17T04:00:00,
V085,18/09/2025 07:00 – Anchored at port limits,ARRIVAL,2025-09-18T07:00:00,
V085,18/09/2025 11:00 – Pilot on board,PILOT_ONBOARD,2025-09-18T11:00:00,
V085,18/09/2025 19:00 – Secured alongside jetty 2,BERTHING,2025-09-18T19:00:00,
V085,18/09/2025 22:00 – Started cargo operations,LOADING_START,2025-09-18T22:00:00,
V085,19/09/2025 05:00 – Loading operations ended,LOADING_END,,2025-09-19T05:00:00
V085,19/09/2025 10:00 – Ship moved from jetty 2 to 4,SHIFTING,2025-09-19T10:00:00,
V085,19/09/2025 18:00 – Discharging began at berth 2,DISCHARGING_START,2025-09-19T18:00:00,
V085,20/09/2025 01:00 – Finished discharging,DISCHARGING_END,,2025-09-20T01:00:00
V085,20/09/2025 07:00 – Vessel left port limits,DEPARTURE,2025-09-20T07:00:00,
V086,20/09/2025 13:00 – Vessel arrived at anchorage,ARRIVAL,2025-09-20T13:00:00,
V086,20/09/2025 21:00 – Pilot boarded at anchorage,PILOT_ONBOARD,2025-09-20T21:00:00,
V086,20/09/2025 23:00 – All fast at berth 5,BERTHING,2025-09-20T23:00:00,
V086,21/09/2025 00:00 – Began loading at jetty 5,LOADING_START,2025-09-21T00:00:00,
V086,21/09/2025 07:00 – Finished cargo operations,LOADING_END,,2025-09-21T07:00:00
V086,21/09/2025 15:00 – Vessel shifted to another berth,SHIFTING,2025-09-21T15:00:00,
V086,21/09/2025 17:00 – Discharging began at berth 5,DISCHARGING_START,2025-09-21T17:00:00,
V086,21/09/2025 22:00 – Discharge ops ended,DISCHARGING_END,,2025-09-21T22:00:00
V086,22/09/2025 02:00 – Vessel left port limits,DEPARTURE,2025-09-22T02:00:00,
V087,23/09/2025 08:00 – Vessel arrived at anchorage,ARRIVAL,2025-09-23T08:00:00,
V087,23/09/2025 16:00 – Pilot boarded at anchorage,PILOT_ONBOARD,2025-09-23T16:00:00,
V087,23/09/2025 21:00 – Vessel berthed at Jetty 4,BERTHING,2025-09-23T21:00:00,
V087,24/09/2025 05:00 – Began loading at jetty 4,LOADING_START,2025-09-24T05:00:00,
V087,24/09/2025 11:00 – Finished cargo operations,LOADING_END,,2025-09-24T11:00:00
V087,24/09/2025 12:00 – Shifted alongside berth {jetty2},SHIFTING,2025-09-24T12:00:00,
V087,24/09/2025 16:00 – Started discharging operations,DISCHARGING_START,2025-09-24T16:00:00,
V087,24/09/2025 18:00 – Completed discharging cargo,DISCHARGING_END,,2025-09-24T18:00:00
V087,24/09/2025 21:00 – Ship sailed from berth,DEPARTURE,2025-09-24T21:00:00,
V088,25/09/2025 11:00 – Vessel arrived at anchorage,ARRIVAL,2025-09-25T11:00:00,
V088,25/09/2025 15:00 – Pilot boarded at anchorage,PILOT_ONBOARD,2025-09-25T15:00:00,
V088,25/09/2025 23:00 – Ship alongside berth 5,BERTHING,2025-09-25T23:00:00,
V088,26/09/2025 03:00 – Commenced loading cargo,LOADING_START,2025-09-26T03:00:00,
V088,26/09/2025 05:00 – Finished cargo operations,LOADING_END,,2025-09-26T05:00:00
V088,26/09/2025 08:00 – Shifting from berth 5 to berth 1,SHIFTING,2025-09-26T08:00:00,
V088,26/09/2025 15:00 – Commenced discharging cargo,DISCHARGING_START,2025-09-26T15:00:00,
V088,26/09/2025 17:00 – Finished discharging,DISCHARGING_END,,2025-09-26T17:00:00
V088,26/09/2025 18:00 – Vessel departed from port,DEPARTURE,2025-09-26T18:00:00,
V089,26/09/2025 09:00 – Vessel arrived at anchorage,ARRIVAL,2025-09-26T09:00:00,
V089,26/09/2025 13:00 – Pilot on board,PILOT_ONBOARD,2025-09-26T13:00:00,
V089,26/09/2025 18:00 – Vessel berthed at Jetty 2,BERTHING,2025-09-26T18:00:00,
V089,26/09/2025 19:00 – Loading operations began,LOADING_START,2025-09-26T19:00:00,
V089,27/09/2025 01:00 – Loading operations ended,LOADING_END,,2025-09-27T01:00:00
V089,27/09/2025 03:00 – Shifted alongside berth {jetty2},SHIFTING,2025-09-27T03:00:00,
V089,27/09/2025 09:00 – Discharging began at berth 2,DISCHARGING_START,2025-09-27T09:00:00,
V089,27/09/2025 17:00 – Discharging operations completed,DISCHARGING_END,,2025-09-27T17:00:00
V089,27/09/2025 21:00 – Sailed from anchorage,DEPARTURE,2025-09-27T21:00:00,
V090,28/09/2025 09:00 – Arrived at outer anchorage,ARRIVAL,2025-09-28T09:00:00,
V090,28/09/2025 16:00 – Pilot embarked vessel,PILOT_ONBOARD,2025-09-28T16:00:00,
V090,28/09/2025 21:00 – All fast at berth 4,BERTHING,2025-09-28T21:00:00,
V090,29/09/2025 00:00 – Began loading at jetty 4,LOADING_START,2025-09-29T00:00:00,
V090,29/09/2025 01:00 – Cargo loading completed,LOADING_END,,2025-09-29T01:00:00
V090,29/09/2025 04:00 – Shifted alongside berth {jetty2},SHIFTING,2025-09-29T04:00:00,
V090,29/09/2025 06:00 – Started discharging operations,DISCHARGING_START,2025-09-29T06:00:00,
V090,29/09/2025 11:00 – Completed discharging cargo,DISCHARGING_END,,2025-09-29T11:00:00
V090,29/09/2025 17:00 – Sailed from anchorage,DEPARTURE,2025-09-29T17:00:00,
V091,29/09/2025 08:00 – Vessel arrived at anchorage,ARRIVAL,2025-09-29T08:00:00,
V091,29/09/2025 14:00 – Pilot on board,PILOT_ONBOARD,2025-09-29T14:00:00,
V091,29/09/2025 19:00 – All fast at berth 3,BERTHING,2025-09-29T19:00:00,
V091,29/09/2025 23:00 – Commenced loading cargo,LOADING_START,2025-09-29T23:00:00,
V091,30/09/2025 04:00 – Completed loading cargo,LOADING_END,,2025-09-30T04:00:00
V091,30/09/2025 10:00 – Shifting from berth 3 to berth 3,SHIFTING,2025-09-30T10:00:00,
V091,30/09/2025 18:00 – Commenced discharging cargo,DISCHARGING_START,2025-09-30T18:00:00,
V091,30/09/2025 21:00 – Finished discharging,DISCHARGING_END,,2025-09-30T21:00:00
V091,01/10/2025 02:00 – Vessel departed from port,DEPARTURE,2025-10-01T02:00:00,
V092,30/09/2025 14:00 – Arrived at outer anchorage,ARRIVAL,2025-09-30T14:00:00,
V092,30/09/2025 20:00 – Pilot boarded at anchorage,PILOT_ONBOARD,2025-09-30T20:00:00,
V092,01/10/2025 02:00 – Vessel berthed at Jetty 2,BERTHING,2025-10-01T02:00:00,
V092,01/10/2025 09:00 – Commenced loading cargo,LOADING_START,2025-10-01T09:00:00,
V092,01/10/2025 12:00 – Completed loading cargo,LOADING_END,,2025-10-01T12:00:00
V092,01/10/2025 13:00 – Shifting from berth 2 to berth 2,SHIFTING,2025-10-01T13:00:00,
V092,01/10/2025 15:00 – Commenced discharging cargo,DISCHARGING_START,2025-10-01T15:00:00,
V092,01/10/2025 17:00 – Completed discharging cargo,DISCHARGING_END,,2025-10-01T17:00:00
V092,02/10/2025 01:00 – Sailed from anchorage,DEPARTURE,2025-10-02T01:00:00,
V093,03/10/2025 08:00 – Arrived at outer anchorage,ARRIVAL,2025-10-03T08:00:00,
V093,03/10/2025 15:00 – Pilot on board,PILOT_ONBOARD,2025-10-03T15:00:00,
V093,03/10/2025 16:00 – Vessel berthed at Jetty 4,BERTHING,2025-10-03T16:00:00,
V093,03/10/2025 19:00 – Started cargo operations,LOADING_START,2025-10-03T19:00:00,
V093,03/10/2025 21:00 – Finished cargo operations,LOADING_END,,2025-10-03T21:00:00
V093,04/10/2025 01:00 – Ship moved from jetty 4 to 3,SHIFTING,2025-10-04T01:00:00,
V093,04/10/2025 04:00 – Commenced discharging cargo,DISCHARGING_START,2025-10-04T04:00:00,
V093,04/10/2025 12:00 – Discharge ops ended,DISCHARGING_END,,2025-10-04T12:00:00
V093,04/10/2025 19:00 – Vessel departed from port,DEPARTURE,2025-10-04T19:00:00,
V094,04/10/2025 14:00 – Anchored at port limits,ARRIVAL,2025-10-04T14:00:00,
V094,04/10/2025 20:00 – Pilot boarded at anchorage,PILOT_ONBOARD,2025-10-04T20:00:00,
V094,05/10/2025 02:00 – Secured alongside jetty 3,BERTHING,2025-10-05T02:00:00,
V094,05/10/2025 09:00 – Commenced loading cargo,LOADING_START,2025-10-05T09:00:00,
V094,05/10/2025 15:00 – Loading operations ended,LOADING_END,,2025-10-05T15:00:00
V094,05/10/2025 16:00 – Shifted alongside berth {jetty2},SHIFTING,2025-10-05T16:00:00,
V094,05/10/2025 20:00 – Started discharging operations,DISCHARGING_START,2025-10-05T20:00:00,
V094,06/10/2025 00:00 – Finished discharging,DISCHARGING_END,,2025-10-06T00:00:00
V094,06/10/2025 01:00 – Sailed from anchorage,DEPARTURE,2025-10-06T01:00:00,
V095,06/10/2025 13:00 – Ship reached port anchorage,ARRIVAL,2025-10-06T13:00:00,
V095,06/10/2025 17:00 – Pilot embarked vessel,PILOT_ONBOARD,2025-10-06T17:00:00,
V095,06/10/2025 18:00 – Vessel berthed at Jetty 2,BERTHING,2025-10-06T18:00:00,
V095,07/10/2025 01:00 – Commenced loading cargo,LOADING_START,2025-10-07T01:00:00,
V095,07/10/2025 02:00 – Cargo loading completed,LOADING_END,,2025-10-07T02:00:00
V095,07/10/2025 10:00 – Ship moved from jetty 2 to 3,SHIFTING,2025-10-07T10:00:00,
V095,07/10/2025 15:00 – Discharge ops commenced,DISCHARGING_START,2025-10-07T15:00:00,
V095,07/10/2025 22:00 – Discharge ops ended,DISCHARGING_END,,2025-10-07T22:00:00
V095,08/10/2025 01:00 – Sailed from anchorage,DEPARTURE,2025-10-08T01:00:00,
V096,08/10/2025 09:00 – Arrived at outer anchorage,ARRIVAL,2025-10-08T09:00:00,
V096,08/10/2025 17:00 – Pilot joined ship,PILOT_ONBOARD,2025-10-08T17:00:00,
V096,08/10/2025 23:00 – Vessel berthed at Jetty 2,BERTHING,2025-10-08T23:00:00,
V096,09/10/2025 03:00 – Started cargo operations,LOADING_START,2025-10-09T03:00:00,
V096,09/10/2025 06:00 – Loading operations ended,LOADING_END,,2025-10-09T06:00:00
V096,09/10/2025 13:00 – Ship moved from jetty 2 to 2,SHIFTING,2025-10-09T13:00:00,
V096,09/10/2025 17:00 – Commenced discharging cargo,DISCHARGING_START,2025-10-09T17:00:00,
V096,09/10/2025 20:00 – Completed discharging cargo,DISCHARGING_END,,2025-10-09T20:00:00
V096,10/10/2025 01:00 – Ship sailed from berth,DEPARTURE,2025-10-10T01:00:00,
V097,11/10/2025 07:00 – Vessel arrived at anchorage,ARRIVAL,2025-10-11T07:00:00,
V097,11/10/2025 10:00 – Pilot embarked vessel,PILOT_ONBOARD,2025-10-11T10:00:00,
V097,11/10/2025 13:00 – Ship alongside berth 5,BERTHING,2025-10-11T13:00:00,
V097,11/10/2025 21:00 – Started cargo operations,LOADING_START,2025-10-11T21:00:00,
V097,11/10/2025 22:00 – Finished cargo operations,LOADING_END,,2025-10-11T22:00:00
V097,12/10/2025 00:00 – Ship moved from jetty 5 to 3,SHIFTING,2025-10-12T00:00:00,
V097,12/10/2025 08:00 – Commenced discharging cargo,DISCHARGING_START,2025-10-12T08:00:00,
V097,12/10/2025 12:00 – Completed discharging cargo,DISCHARGING_END,,2025-10-12T12:00:00
V097,12/10/2025 19:00 – Ship sailed from berth,DEPARTURE,2025-10-12T19:00:00,
V098,13/10/2025 07:00 – Ship reached port anchorage,ARRIVAL,2025-10-13T07:00:00,
V098,13/10/2025 12:00 – Pilot on board,PILOT_ONBOARD,2025-10-13T12:00:00,
V098,13/10/2025 17:00 – Ship alongside berth 2,BERTHING,2025-10-13T17:00:00,
V098,13/10/2025 23:00 – Loading operations began,LOADING_START,2025-10-13T23:00:00,
V098,14/10/2025 00:00 – Completed loading cargo,LOADING_END,,2025-10-14T00:00:00
V098,14/10/2025 07:00 – Shifting from berth 2 to berth 5,SHIFTING,2025-10-14T07:00:00,
V098,14/10/2025 08:00 – Discharge ops commenced,DISCHARGING_START,2025-10-14T08:00:00,
V098,14/10/2025 16:00 – Discharging operations completed,DISCHARGING_END,,2025-10-14T16:00:00
V098,14/10/2025 20:00 – Vessel left port limits,DEPARTURE,2025-10-14T20:00:00,
V099,16/10/2025 13:00 – Ship reached port anchorage,ARRIVAL,2025-10-16T13:00:00,
V099,16/10/2025 18:00 – Pilot embarked vessel,PILOT_ONBOARD,2025-10-16T18:00:00,
V099,16/10/2025 20:00 – Vessel berthed at Jetty 2,BERTHING,2025-10-16T20:00:00,
V099,16/10/2025 23:00 – Started cargo operations,LOADING_START,2025-10-16T23:00:00,
V099,17/10/2025 05:00 – Finished cargo operations,LOADING_END,,2025-10-17T05:00:00
V099,17/10/2025 12:00 – Vessel shifted to another berth,SHIFTING,2025-10-17T12:00:00,
V099,17/10/2025 18:00 – Commenced discharging cargo,DISCHARGING_START,2025-10-17T18:00:00,
V099,18/10/2025 02:00 – Discharging operations completed,DISCHARGING_END,,2025-10-18T02:00:00
V099,18/10/2025 08:00 – Sailed from anchorage,DEPARTURE,2025-10-18T08:00:00,
V100,19/10/2025 09:00 – Anchored at port limits,ARRIVAL,2025-10-19T09:00:00,
V100,19/10/2025 11:00 – Pilot on board,PILOT_ONBOARD,2025-10-19T11:00:00,
V100,19/10/2025 15:00 – All fast at berth 4,BERTHING,2025-10-19T15:00:00,
V100,19/10/2025 21:00 – Commenced loading cargo,LOADING_START,2025-10-19T21:00:00,
V100,20/10/2025 02:00 – Finished cargo operations,LOADING_END,,2025-10-20T02:00:00
V100,20/10/2025 03:00 – Vessel shifted to another berth,SHIFTING,2025-10-20T03:00:00,
V100,20/10/2025 07:00 – Discharge ops commenced,DISCHARGING_START,2025-10-20T07:00:00,
V100,20/10/2025 08:00 – Finished discharging,DISCHARGING_END,,2025-10-20T08:00:00
V100,20/10/2025 12:00 – Vessel left port limits,DEPARTURE,2025-10-20T12:00:00,
